Workbook

Sheet الملخص
B2: لوحة ملخص المخزون والاستلام
B3: آخر تحليل للصلاحية: 06.07.2026 — الإحصائيات في الجدول الأول تتحدّث تلقائياً مع تعديل البيانات
B5: إحصائيات الأوراق (تلقائية التحديث)
B6: الورقة | C6: عدد الدفعات | D6: دفعات برصيد حالي | E6: دفعات برصيد سالب (خطأ) | F6: ملاحظة
B7: RM & PM | C7: =COUNTA('RM & PM'!E2:E792) | D7: =COUNTIF('RM & PM'!AA2:AA792,">0") | E7: =COUNTIF('RM & PM'!AA2:AA792,"<-0.001") | F7: المواد الخام ومواد التعبئة الحالية
B8: Off -Records | C8: =COUNTA('Off -Records'!E2:E109) | D8: =COUNTIF('Off -Records'!W2:W109,">0") | E8: =COUNTIF('Off -Records'!W2:W109,"<-0.001") | F8: أصناف خارج السجلات الرسمية
B9: Inner & Assembled | C9: =COUNTA('Inner & Assembled'!D2:D833) | D9: =COUNTIF('Inner & Assembled'!O2:O833,">0") | E9: =COUNTIF('Inner & Assembled'!O2:O833,"<-0.001") | F9: المنتجات الداخلية والمجمّعة الحالية
B10: Stagnant I & A | C10: =COUNTA('Stagnant I & A'!D2:D928) | D10: =COUNTIF('Stagnant I & A'!O2:O928,">0") | E10: =COUNTIF('Stagnant I & A'!O2:O928,"<-0.001") | F10: أصناف راكدة
B11: Historical R&PM | C11: =COUNTA('Historical R&PM'!E2:E804) | D11: =COUNTIF('Historical R&PM'!AA2:AA804,">0") | E11: =COUNTIF('Historical R&PM'!AA2:AA804,"<-0.001") | F11: أرشيف المواد الخام والتعبئة
B12: Historical I & A | C12: =COUNTA('Historical I & A'!D2:D942) | D12: =COUNTIF('Historical I & A'!O2:O942,">0") | E12: =COUNTIF('Historical I & A'!O2:O942,"<-0.001") | F12: أرشيف المنتجات الداخلية والمجمّعة
B14: تنبيهات الصلاحية — أصناف برصيد حالي منتهية أو تنتهي خلال 180 يوم (لقطة بتاريخ 06.07.2026)
B15: الورقة | C15: الكود | D15: اسم الصنف | E15: رقم التشغيلة/الكنترول | F15: تاريخ الانتهاء | G15: الرصيد الحالي | H15: الحالة
B16: RM & PM | C16: PP0066 | D16: Alu Foil unprinted 30 micron thickness 196 mm width | E16: PP2400046 | F16: 31.10.2025 | G16: 145 | H16: منتهي الصلاحية
B17: RM & PM | C17: PP0065 | D17: Alu Foil unprinted 30 micron thickness 194 mm width | E17: PP2400053 | F17: 31.10.2025 | G17: 19.59 | H17: منتهي الصلاحية
B18: RM & PM | C18: SP0130 | D18: Box-Epasterin Soft Gelatin Capsule | E18: SP2400058 | F18: 03.04.2026 | G18: 3934 | H18: منتهي الصلاحية
B19: RM & PM | C19: SP0163 | D19: Pamphlet-Mega-Q Soft Gelatin Capsule | E19: SP2400055 | F19: 30.04.2026 | G19: 5129 | H19: منتهي الصلاحية
B20: RM & PM | C20: RM0035 | D20: Colloidal Silicon Dioxide | E20: RM2400030 | F20: 30.04.2026 | G20: 7.187 | H20: منتهي الصلاحية
B21: RM & PM | C21: RM0050 | D21: Copper Citrate | E21: RM2400026 | F21: 04.05.2026 | G21: 0.828 | H21: منتهي الصلاحية
B22: RM & PM | C22: SP0162 | D22: Box-Mega-Q Soft Gelatin Capsule | E22: SP2400054 | F22: 06.05.2026 | G22: 4770 | H22: منتهي الصلاحية
B23: RM & PM | C23: RM0013 | D23: Lactose Monohydrate | E23: RM2400020 | F23: 31.05.2026 | G23: 23.822 | H23: منتهي الصلاحية
B24: RM & PM | C24: SP0134 | D24: Polyamide/Polyethylene 300 µm 420 mm width roll | E24: SP2500017 | F24: 25.06.2026 | G24: 17336.223 | H24: منتهي الصلاحية
B25: RM & PM | C25: SP0153 | D25: Box-Moral 60 soft gelatin capsule | E25: SP2400043 | F25: 01.07.2026 | G25: 14571 | H25: منتهي الصلاحية
B26: Inner & Assembled | C26: PP0050 | D26: Assembled outer tube (155*23mm) tinted | E26: 25IPP036 | F26: 01.07.2026 | G26: 11689 | H26: منتهي الصلاحية
B27: RM & PM | C27: PP0025 | D27: Aluminum Seal Disc PE-Coat -D: 24mm | E27: PP2500028 | F27: 27.07.2026 | G27: 24008 | H27: ينتهي خلال 21 يوم
... B69: Inner & Assembled | C69: PP0038 | D69: Assembled Outer Tube 128*18mm clear | E69: 25IPP029 | F69: 01.01.2027 | G69: 6096 | H69: ينتهي خلال 179 يوم
B71: أرصدة سالبة تحتاج مراجعة (غالباً خطأ إدخال)
B72: الورقة | C72: الكود | D72: اسم الصنف | E72: الرصيد | F72: رقم الصف
B73: RM & PM | C73: PP0061 | D73: Alu Foil unprinted 30 micron thickness 240 mm width | E73: -0.03 | F73: 73
B74: RM & PM | C74: RM0032 | D74: Lactose Anhydrous | E74: -0.032 | F74: 255
B75: RM & PM | C75: BP0013 | D75: Povidone Iodine 7.5%-Bulk | E75: -0.2 | F75: 405
B76: RM & PM | C76: SP0226 | D76: Pamphlet-Prox-fem Sachet | E76: -10 | F76: 408
B77: RM & PM | C77: SP0220 | D77: Pamphlet-G1000 Sachet | E77: -10 | F77: 409
B78: RM & PM | C78: SP0224 | D78: Pamphlet-Ovemer Plus Sachet | E78: -10 | F78: 410
B79: RM & PM | C79: SP0227 | D79: Box-ProxFort Sachet | E79: -25 | F79: 411
B80: RM & PM | C80: SP0078 | D80: Pamphlet-Fertiovum Sachet | E80: -5 | F80: 412
B81: RM & PM | C81: SP0179 | D81: Box-Prime Ultra Sachet | E81: -25 | F81: 413
B82: RM & PM | C82: SP0077 | D82: Box-Fertiovum Sachet-30 Sachet | E82: -19 | F82: 414
B83: RM & PM | C83: SP0228 | D83: Pamphlet-ProxFort Sachet | E83: -10 | F83: 415
B84: RM & PM | C84: SP0082 | D84: Pamphlet-Inovari Puls Sachet-30 Sachet | E84: -10 | F84: 416
... B91: Inner & Assembled | C91: BP0067 | D91: FAS IODO Soln. 1% | E91: -0.06 | F91: 17

Sheet دليل الاستخدام
B2: دليل استخدام ملف الاستلام والمخزون
B4: ما الجديد في هذه النسخة؟
B5: 1. لوحة "الملخص": إحصائيات لكل ورقة + تنبيهات الأصناف المنتهية أو القريبة من انتهاء الصلاحية + الأرصدة السالبة.
B6: 2. أعمدة حركات الصرف (12 حركة × تاريخ/مستند/كمية) مجمّعة ومطوية افتراضياً — اضغط زر (+) أعلى يمين الأعمدة لعرضها، و(−) لإخفائها.
B7: 3. تجميد الصفوف والأعمدة: صف العناوين وأعمدة التعريف (حتى اسم الصنف) تبقى ظاهرة أثناء التمرير.
B8: 4. فلاتر تلقائية على كل الأعمدة: اضغط السهم في رأس أي عمود للتصفية أو الترتيب.
B9: 5. ترقيم حركات الصرف: Date (1), Doc No. (1), Qty (1) ... بدل التكرار بدون تمييز.
B10: 6. حذف آلاف الأعمدة الفارغة من ورقة Off -Records (كانت تبطئ الملف).
B12: دلالة ألوان رؤوس الأعمدة
B13: أزرق: بيانات تعريف الصنف (الكود، الاسم، المورد...) | أخضر مزرق: التواريخ | أخضر: الكميات المستلمة | برتقالي: أرصدة الحالة (المفرج عنه، الحجر، المرفوض) | رمادي: حركات الصرف.
B15: التنسيق الشرطي (يتحدّث تلقائياً)
B16: • الرصيد الحالي أحمر = رصيد سالب (خطأ إدخال يحتاج مراجعة).
... B27: RM & PM: استلامات المواد الخام ومواد التعبئة الحالية | Off -Records: أصناف خارج السجلات | Inner & Assembled: المنتجات الداخلية والمجمّعة | Stagnant I & A: الأصناف الراكدة | Historical R&PM و Historical I & A: الأرشيف.

Sheet RM & PM
A1: Item Category | B1: Rece. Date | C1: PO No. | D1: Doc. No. | E1: Code | F1: Description | G1: Cont. No. | H1: Manufacturer Name | I1: Supplier | J1: Supp. Lot No | K1: Mfg. Date | L1: MFG. D. | M1: Exp. Date | N1: EXP. D. | O1: Retest Date | P1: Sup. RET. D. | Q1: Int. RET. D. | R1: No. of packs | S1: Qty per packs | T1: Loose Pack | U1: Received Qty | V1: Unit | W1: Sample Qty | X1: Date | Y1: Remarks | Z1: Beg. Balance | AA1: Current released | AB1: Quarantine | AC1: Unrestricted | AD1: Restricted | AE1: Rejected | AF1: Date (1) | AG1: Doc No. (1) | AH1: Qty (1) | AI1: Date (2) | AJ1: Doc No. (2) | AK1: Qty (2) | AL1: Date (3) | AM1: Doc No. (3) | AN1: Qty (3) | AO1: Date (4) | AP1: Doc No. (4) | AQ1: Qty (4) | AR1: Date (5) | AS1: Doc No. (5) | AT1: Qty (5) | AU1: Date (6) | AV1: Doc No. (6) | AW1: Qty (6) | AX1: Date (7) | AY1: Doc No. (7) | AZ1: Qty (7) | BA1: Date (8) | BB1: Doc No. (8) | BC1: Qty (8) | BD1: Date (9) | BE1: Doc No. (9) | BF1: Qty (9) | BG1: Date (10) | BH1: Doc No. (10) | BI1: Qty (10) | BJ1: Date (11) | BK1: Doc No. (11) | BL1: Qty (11) | BM1: Date (12) | BN1: Doc No. (12) | BO1: Qty (12)
A2: SP | B2: 18/06/2023 | C2: SSMC0472023 | D2: 2300103 | E2: SP0062 | F2: BOPP Roll 20micron thickness 212mm width | G2: SP2300103 | H2: Al-Sharq Factories for Plastic | J2: 123122057 | K2: 11.06.2023 | L2: 11.06.2023 | M2: 11.06.2027 | N2: 11.06.2027 | O2: NA | P2: NA | Q2: 10.10.2026 | U2: 56 | V2: Kg. | Z2: =U2-W2 | AA2: =AC2+AH2+AK2+AN2+AQ2+AT2+AW2+AZ2+BC2+BF2+BI2+BL2+BO2 | AB2: 0 | AC2: =Z2-AD2-AE2-AB2 | AE2: 0
A3: SP | B3: 18/06/2023 | C3: SSMC0472023 | D3: 2300105 | E3: SP0064 | F3: BOPP Roll 20micron thickness 225mm width | G3: SP2300105 | H3: Al-Sharq Factories for Plastic | J3: 123122057 | K3: 11/06/2023 | L3: 11.06.2023 | M3: 11/06/2027 | N3: 11.06.2027 | O3: NA | P3: NA | Q3: 10.10.2026 | U3: 22.39 | V3: Kg. | Z3: =U3-W3 | AA3: =AC3+AH3+AK3+AN3+AQ3+AT3+AW3+AZ3+BC3+BF3+BI3+BL3+BO3 | AB3: 0 | AC3: =Z3-AD3-AE3-AB3 | AE3: 0
A4: SP | B4: 18/06/2023 | C4: SSMC0472023 | D4: 2300107 | E4: SP0066 | F4: BOPP Roll 20micron thickness 220mm width | G4: SP2300107 | H4: Al-Sharq Factories for Plastic | J4: 123122057 | K4: 11.06.2023 | L4: 11.06.2023 | M4: 11.06.2027 | N4: 11.06.2027 | O4: NA | P4: NA | Q4: 10.10.2026 | U4: 252.07 | V4: Kg. | Z4: =U4-W4 | AA4: =AC4+AH4+AK4+AN4+AQ4+AT4+AW4+AZ4+BC4+BF4+BI4+BL4+BO4 | AB4: 0 | AC4: =Z4-AD4-AE4-AB4 | AE4: 0 | AF4: 23.07.2025 | AG4: MR250102 | AH4: -99.6 | AI4: 03.09.2025 | AJ4: R-MR250102 | AK4: 25.685 | AL4: 15.09.2025 | AM4: MR250171 | AN4: -13.7 | AO4: 21.01.2026 | AP4: MR260011 | AQ4: -15.5 | AR4: 28.01.2026 | AS4: MR260017 | AT4: -12.43
A5: SP | B5: 18/06/2023 | C5: SSMC0472023 | D5: 2300108 | E5: SP0067 | F5: BOPP Roll 20micron thickness 172mm width | G5: SP2300108 | H5: Al-Sharq Factories for Plastic | J5: 123122057 | K5: 11.06.2023 | L5: 11.06.2023 | M5: 11.06.2027 | N5: 11.06.2027 | O5: NA | P5: NA | Q5: 10.10.2026 | U5: 162.724 | V5: Kg. | Z5: =U5-W5 | AA5: =AC5+AH5+AK5+AN5+AQ5+AT5+AW5+AZ5+BC5+BF5+BI5+BL5+BO5 | AB5: 0 | AC5: =Z5-AD5-AE5-AB5 | AE5: 0 | AF5: 29.06.2025 | AG5: MR250120 | AH5: -28.8 | AI5: 02.07.2025 | AJ5: R-LY627 | AK5: 3.58 | BP5: .
A6: SP | B6: 18/06/2023 | C6: SSMC0472023 | D6: 2300109 | E6: SP0068 | F6: BOPP Roll 20micron thickness 247mm width | G6: SP2300109 | H6: Al-Sharq Factories for Plastic | J6: 123122057 | K6: 11.06.2023 | L6: 11.06.2023 | M6: 11.06.2027 | N6: 11.06.2027 | O6: NA | P6: NA | Q6: 10.10.2026 | U6: 118.625 | V6: Kg. | Z6: =U6-W6 | AA6: =AC6+AH6+AK6+AN6+AQ6+AT6+AW6+AZ6+BC6+BF6+BI6+BL6+BO6 | AB6: 0 | AC6: =Z6-AD6-AE6-AB6 | AE6: 0 | AF6: 27.07.2025 | AG6: MR250141 | AH6: -56.16 | AI6: 03.09.2025 | AJ6: R-MR250141 | AK6: 24.26
A7: RM | B7: 45119 | C7: NA | D7: 2300114 | E7: RM0005 | F7: Empty Hard Gelatin Capsule size 0: Cap Colour Opaque Dark Green/S7.74 - Body Colour: Qpaque Light Green/S7.70 | G7: RM2300002 | H7: Saudi Gelatin and Capsule Co. | J7: HGC-RE230019 | K7: 03/2023 | L7: 00.03.2023 | M7: 03/2028 | N7: 00.03.2028 | O7: NA | P7: NA | U7: 61602 | V7: No. | Z7: =U7-W7 | AA7: =AC7+AH7+AK7+AN7+AQ7+AT7+AW7+AZ7+BC7+BF7+BI7+BL7+BO7 | AB7: 0 | AC7: =Z7-AD7-AE7-AB7 | AE7: 0
A8: RM | B8: 13/7/2023 | C8: NA | D8: 2300115 | E8: RM0006 | F8: Empty Hard Gelatin Capsule size 0: Cap Colour: Red - Body Colour: Red | G8: RM2300003 | H8: ACG Associated Capsules Private Limited | J8: 1100236695 | K8: 02/2023 | L8: 00.02.2023 | M8: 01/2028 | N8: 00.01.2028 | O8: NA | P8: NA | U8: 44000 | V8: No. | Z8: =U8-W8 | AA8: =AC8+AH8+AK8+AN8+AQ8+AT8+AW8+AZ8+BC8+BF8+BI8+BL8+BO8 | AB8: 0 | AC8: =Z8-AD8-AE8-AB8 | AE8: 0 | AF8: 12.06.2025 | AG8: MR250111 | AH8: -400
A9: RM | B9: 13/7/2023 | C9: NA | D9: 2300116 | E9: RM0007 | F9: Empty Hard Gelatin Capsule size 0: Cap Colour: White Opaque - Body Colour: White Opaque | G9: RM2300004 | H9: ACG Associated Capsules Private Limited | J9: 1150081822 | K9: 05/2023 | L9: 00.05.2023 | M9: 04/2028 | N9: 00.04.2028 | O9: NA | P9: NA | U9: 10000 | V9: No. | Z9: =U9-W9 | AA9: =AC9+AH9+AK9+AN9+AQ9+AT9+AW9+AZ9+BC9+BF9+BI9+BL9+BO9 | AB9: 10000 | AC9: =Z9-AD9-AE9-AB9 | AE9: 0
A10: RM | B10: 13/7/2023 | C10: NA | D10: 2300117 | E10: RM0007 | F10: Empty Hard Gelatin Capsule size 0: Cap Colour: White Opaque - Body Colour: White Opaque | G10: RM2300005 | H10: ACG Associated Capsules Private Limited | J10: 1150081823 | K10: 04/2023 | L10: 00.04.2023 | M10: 03/2028 | N10: 00.03.2028 | O10: NA | P10: NA | U10: 25000 | V10: No. | Z10: =U10-W10 | AA10: =AC10+AH10+AK10+AN10+AQ10+AT10+AW10+AZ10+BC10+BF10+BI10+BL10+BO10 | AB10: 25000 | AC10: =Z10-AD10-AE10-AB10 | AE10: 0
A11: RM | B11: 13/7/2023 | C11: NA | D11: 2300118 | E11: RM0008 | F11: Empty Hard Gelatin Capsule size 0: Cap Colour: Opaque Scarlet - Body Colour: Opaque Scarlet | G11: RM2300006 | H11: ACG Associated Capsules Private Limited | J11: 1150081824 | K11: 04/2023 | L11: 00.04.2023 | M11: 03/2028 | N11: 00.03.2028 | O11: NA | P11: NA | U11: 32000 | V11: No. | Z11: =U11-W11 | AA11: =AC11+AH11+AK11+AN11+AQ11+AT11+AW11+AZ11+BC11+BF11+BI11+BL11+BO11 | AB11: 32000 | AC11: =Z11-AD11-AE11-AB11 | AE11: 0
A12: RM | B12: 13/7/2023 | C12: NA | D12: 2300119 | E12: RM0009 | F12: Empty Hard Gelatin Capsule size 0: Cap Colour: Maroon Opaque - Body Colour: Maroon Opaque | G12: RM2300007 | H12: ACG Associated Capsules Private Limited | J12: 1150081825 | K12: 04/2023 | L12: 00.04.2023 | M12: 03/2028 | N12: 00.03.2028 | O12: NA | P12: NA | U12: 33000 | V12: No. | Z12: =U12-W12 | AA12: =AC12+AH12+AK12+AN12+AQ12+AT12+AW12+AZ12+BC12+BF12+BI12+BL12+BO12 | AB12: 33000 | AC12: =Z12-AD12-AE12-AB12 | AE12: 0
A13: RM | B13: 45146 | C13: SSMC0512023 | D13: 2300120 | E13: RM0010 | F13: Empty Hard Gelatin Capsule size 0: Cap Colour: Med. Orange Opaque C035 - Body Colour: Med. Orange Opaque C035 | G13: RM2300008 | H13: Capsugel Belgium NV | J13: 3651676 | K13: 18/06/2021 | L13: 18.06.2021 | M13: 18/06/2026 | N13: 18.06.2026 | O13: NA | P13: NA | U13: 194000 | V13: No. | Z13: =U13-W13 | AA13: =AC13+AH13+AK13+AN13+AQ13+AT13+AW13+AZ13+BC13+BF13+BI13+BL13+BO13 | AB13: 188000 | AC13: =Z13-AD13-AE13-AB13 | AE13: 0 | AF13: 03.02.2026 | AG13: MR260021 | AH13: -100000 | AI13: 08.02.2026 | AJ13: R-MR260021 | AK13: 94000
A14: SP | B14: 45148 | C14: NA | D14: 2300125 | E14: SP0060 | F14: Box-Blank [130mm X 542mm X 86mm] | G14: SP2300113 | H14: NA | J14: NA | K14: NA | L14: NA | M14: NA | N14: NA | O14: NA | P14: NA | U14: 2180 | V14: No. | Y14: Trials | Z14: =U14-W14 | AA14: =AC14+AH14+AK14+AN14+AQ14+AT14+AW14+AZ14+BC14+BF14+BI14+BL14+BO14 | AB14: 0 | AC14: =Z14-AD14-AE14-AB14 | AD14: 2180 | AE14: 0
A15: SP | B15: 45148 | C15: NA | D15: 2300126 | E15: SP0061 | F15: Pamphlet Blank | G15: SP2300114 | H15: NA | J15: NA | K15: NA | L15: NA | M15: NA | N15: NA | O15: NA | P15: NA | U15: 233 | V15: No. | Y15: Trials | Z15: =U15-W15 | AA15: =AC15+AH15+AK15+AN15+AQ15+AT15+AW15+AZ15+BC15+BF15+BI15+BL15+BO15 | AB15: 0 | AC15: =Z15-AD15-AE15-AB15 | AD15: 233 | AE15: 0
A16: SP | B16: 16/8/2023 | C16: NA | D16: 2300130 | E16: SP0072 | F16: Box Blank [W 6.5 X L 6.5 X H 11.5cm] | G16: SP2300116 | H16: NA | J16: NA | K16: NA | L16: NA | M16: NA | N16: NA | O16: NA | P16: NA | U16: 22450 | V16: No. | Y16: Trials | Z16: =U16-W16 | AA16: =AC16+AH16+AK16+AN16+AQ16+AT16+AW16+AZ16+BC16+BF16+BI16+BL16+BO16 | AB16: 0 | AC16: =Z16-AD16-AE16-AB16 | AD16: 22450 | AE16: 0
A17: RM | B17: 19/08/2023 | C17: SSMC0602023 | D17: 2300132 | E17: RM0012 | F17: Magnesium Stearate | G17: RM2300013 | H17: Peter Greven Nederland | J17: C250272 | K17: 11/2022 | L17: 00.11.2022 | M17: 11/2026 | N17: 00.11.2026 | O17: NA | P17: NA | Q17: 09.01.2027 | U17: 16.594 | V17: Kg. | Z17: =U17-W17 | AA17: =AC17+AH17+AK17+AN17+AQ17+AT17+AW17+AZ17+BC17+BF17+BI17+BL17+BO17 | AB17: 0 | AC17: =Z17-AD17-AE17-AB17 | AE17: 0 | AF17: 18.08.2025 | AG17: MR250153 | AH17: 0.1 | AI17: 15.09.2025 | AJ17: T25I001 | AK17: -0.683 | AL17: 15.09.2025 | AM17: T25I002 | AN17: -0.78 | AO17: 18.09.2025 | AP17: C25I001 | AQ17: -1.05 | AR17: 13.10.2025 | AS17: MR250194 | AT17: -0.05 | AU17: 23 2-26.10.2025 | AV17: T25J001 T25J002 T25J003 | AW17: =-3*(0.208) | AX17: 26.10.2025 | AY17: MR250209 | AZ17: -0.05 | BA17: 3-29.10.2025 | BB17: T25J004-5-6 | BC17: =-3*(0.208) | BD17: 10.11.2025 | BE17: C25K002 | BF17: -0.1569 | BG17: 10.11.2025 | BH17: C25K003 | BI17: =-(0.135) | BJ17: 05.02.2026 | BK17: C26B001 | BL17: -1.89
A18: RM | B18: 20/08/2023 | C18: NA | D18: 2300134 | E18: RM0014 | F18: Sucrose | G18: RM2300015 | H18: Durrah Advanced Development Co. | J18: 1230318L1 | K18: 03/2023 | L18: 00.03.2023 | M18: 03/2028 | N18: 00.03.2028 | O18: NA | P18: NA | U18: 9.46 | V18: Kg. | Z18: =U18-W18 | AA18: =AC18+AH18+AK18+AN18+AQ18+AT18+AW18+AZ18+BC18+BF18+BI18+BL18+BO18 | AB18: 0 | AC18: =Z18-AD18-AE18-AB18 | AE18: 0
A19: SP | B19: 45023 | C19: HTA-2023-001 | D19: 2300138 | E19: SP0070 | F19: Tear Tape 2.5mm width gold self adhesive | G19: SP2300118 | H19: Hainan Tianjian Anti-Forgery S&T Co., Ltd | J19: NA | K19: 07/2023 | L19: 00.07.2023 | M19: 07/2027 | N19: 00.07.2027 | O19: NA | P19: NA | Q19: 10.13.2026 | U19: 57 | V19: No. | Z19: =U19-W19 | AA19: =AC19+AH19+AK19+AN19+AQ19+AT19+AW19+AZ19+BC19+BF19+BI19+BL19+BO19 | AB19: 0 | AC19: =Z19-AD19-AE19-AB19 | AE19: 0 | AF19: 09.07.2025 | AG19: MR250104 | AH19: -1 | AI19: 16.07.2025 | AJ19: MR250132 | AK19: -6 | AL19: 17.07.2025 | AM19: MR250135 | AN19: -1 | AO19: 27.07.2025 | AP19: MR250141 | AQ19: -2 | AR19: 01.09.2025 | AS19: MR250163 | AT19: -4 | AU19: 19.11.2025 | AV19: MR250236 | AW19: -2 | AX19: 27.11.2025 | AY19: MR250245 | AZ19: -1 | BA19: 21.12.2025 | BB19: MR250268 | BC19: -1
A20: RM | B20: 15/10/2023 | C20: SSMC1042023 | D20: 2300141 | E20: RM0017 | F20: Maize Starch | G20: RM2300016 | H20: Roquette | J20: E3602 | K20: 20/11/2021 | L20: 20.11.2021 | M20: 20/11/2026 | N20: 20.11.2026 | O20: NA | P20: NA | U20: 6.728 | V20: Kg. | Z20: =U20-W20 | AA20: =AC20+AH20+AK20+AN20+AQ20+AT20+AW20+AZ20+BC20+BF20+BI20+BL20+BO20 | AB20: 0 | AC20: =Z20-AD20-AE20-AB20 | AE20: 0 | AF20: 18.08.2025 | AG20: MR250153 | AH20: -0.9 | AI20: 26.10.2025 | AJ20: MR250209 | AK20: -1
A21: RM | B21: 15/10/2023 | C21: SSMC1042023 | D21: 2300142 | E21: RM0018 | F21: Talc Powder | G21: RM2300017 | H21: Imerys Tlac Italy S.p.A | J21: S496/21 | K21: 13/07/2021 | L21: 13.07.2021 | M21: 07/2026 | N21: 12.07.2026 | O21: NA | P21: NA | U21: 23.633 | V21: Kg. | Z21: =U21-W21 | AA21: =AC21+AH21+AK21+AN21+AQ21+AT21+AW21+AZ21+BC21+BF21+BI21+BL21+BO21 | AB21: 0 | AC21: =Z21-AD21-AE21-AB21 | AE21: 0 | AF21: 15.09.2025 | AG21: T25I001 | AH21: -1.024 | AI21: 15.09.2025 | AJ21: T25I002 | AK21: -1.17
A22: RM | B22: 15/10/2023 | C22: NA | D22: 2300143 | E22: RM0019 | F22: Hydroxypropyl Methylcellulose-Methocel E5 Premium LV | G22: RM2300018 | H22: Dupont Nutrition & Bioscience (UK) Ltd | J22: 2444260442 | K22: 01/09/2022 | L22: 01.09.2022 | M22: NA | N22: NA | O22: 31/08/2027 | P22: 31.08.2027 | U22: 0.8 | V22: Kg. | Y22: Trials ? | Z22: =U22-W22 | AA22: =AC22+AH22+AK22+AN22+AQ22+AT22+AW22+AZ22+BC22+BF22+BI22+BL22+BO22 | AB22: 0 | AC22: =Z22-AD22-AE22-AB22 | AE22: 0
A23: PP | B23: 09.11.2023 | C23: NA | D23: 2300153 | E23: PP0012 | F23: Silver Aluminum/Polyethylene Seal Roll 150 µm 83 mm width | G23: PP2300008 | H23: NA | J23: NA | K23: NA | L23: NA | M23: NA | N23: NA | O23: NA | P23: NA | Q23: N.A | U23: 8.239 | V23: Kg. | Z23: =U23-W23 | AA23: =AC23+AH23+AK23+AN23+AQ23+AT23+AW23+AZ23+BC23+BF23+BI23+BL23+BO23 | AB23: 0 | AC23: =Z23-AD23-AE23-AB23 | AE23: 0
A24: SP | B24: 27/11/2023 | C24: NA | D24: 2300168 | E24: SP0104 | F24: Polypropylene/Polyethylene 300 µm 420 mm width roll | G24: SP2300123 | H24: STERIFIT Srl Società Unipersonale | J24: NA | K24: NA | L24: NA | M24: NA | N24: NA | O24: NA | P24: NA | Q24: N.A | U24: 80 | V24: Kg. | W24: 0.3 | Y24: Trials | Z24: =U24-W24 | AA24: =AC24+AH24+AK24+AN24+AQ24+AT24+AW24+AZ24+BC24+BF24+BI24+BL24+BO24 | AB24: 0 | AC24: =Z24-AD24-AE24-AB24 | AD24: 79.7 | AE24: 0 | BQ24: .
A25: SP | B25: 27/11/2023 | C25: NA | D25: 2300169 | E25: SP0105 | F25: Medical Paper 60gm-Blank 408 mm width | G25: SP2300124 | H25: STERIFIT Srl Società Unipersonale | J25: NA | K25: NA | L25: NA | M25: NA | N25: NA | O25: NA | P25: NA | Q25: N.A | U25: 6 | V25: Kg. | W25: 0.15 | Y25: Trials | Z25: =U25-W25 | AA25: =AC25+AH25+AK25+AN25+AQ25+AT25+AW25+AZ25+BC25+BF25+BI25+BL25+BO25 | AB25: 0 | AC25: =Z25-AD25-AE25-AB25 | AD25: 5.85 | AE25: 0 | BQ25: .
A26: Bu | B26: 12.04.2023 | C26: NA | D26: 2300170 | E26: BP0004 | F26: FAS Chlorex 2% Solution | G26: BP2300002 | H26: Giochemica S.R.L. | J26: O0900 | K26: 08/11/2023 | L26: 08.11.2023 | M26: 07/11/2026 | N26: 07.11.2026 | O26: NA | P26: NA | U26: 33.05 | V26: Kg. | Y26: Trial | Z26: =U26-W26 | AA26: =AC26+AH26+AK26+AN26+AQ26+AT26+AW26+AZ26+BC26+BF26+BI26+BL26+BO26 | AB26: 0 | AC26: =Z26-AD26-AE26-AB26 | AE26: 0 | AF26: 26.10.2025 | AG26: MR250210 | AH26: -33.05 | AI26: 27.10.2025 | AJ26: R-MR250210 | AK26: 32.4 | AN26: 0
A27: Bu | B27: 21.01.2024 | D27: 2400012 | E27: BP0006 | F27: FAS Chlorex 0.5% Solution | G27: BP2400001 | H27: Giochemica S.R.L. | J27: O1011 | K27: 12/2023 | L27: 00.12.2023 | M27: 12/2026 | N27: 00.12.2028 | O27: NA | P27: NA | U27: 266.15 | V27: Kg. | Z27: =U27-W27 | AA27: =AC27+AH27+AK27+AN27+AQ27+AT27+AW27+AZ27+BC27+BF27+BI27+BL27+BO27 | AB27: 0 | AC27: =Z27-AD27-AE27-AB27 | AE27: 0 | AF27: 26.06.2025 | AG27: 25IBP018 | AH27: -71.4 | AI27: 30.06.2025 | AJ27: 25IBP019 | AK27: -193.3 | AL27: 01.07.2025 | AM27: R-25IBP018 | AN27: 52.05 | AO27: 01.07.2025 | AP27: R-25IBP019 | AQ27: 138.75 | AR27: 20.10.2025 | AS27: 25IBP036 | AT27: -138.6 | AU27: 23.10.2025 | AV27: R-25IBP036 | AW27: 126.5
A28: SPM | B28: 21/01/2024 | C28: SSMC0472023 | D28: 2400015 | E28: SP0063 | F28: BOPP Roll 20micron thickness 195mm width | G28: SP2400004 | H28: Falcon Plastic Products Company | J28: NA | K28: 01/2024 | L28: 00.01.2024 | M28: 00.01.2026 | N28: 00.01.2026 | O28: NA | P28: NA | Q28: 10.01.2026 | U28: 112.266 | V28: Kg. | Y28: Exp. | Z28: 112.266 | AA28: =AC28+AH28+AK28+AN28+AQ28+AT28+AW28+AZ28+BC28+BF28+BI28+BL28+BO28 | AB28: 0 | AC28: =Z28-AD28-AE28-AB28 | AD28: 11.726 | AE28: 0 | AF28: 16.07.2025 | AG28: MR250132 | AH28: -112.27 | AI28: 03.09.2025 | AJ28: R-MR250132 | AK28: 11.73
A29: SP | B29: 21/01/2024 | C29: SSMC0472023 | D29: 2400016 | E29: SP0065 | F29: BOPP Roll 20micron thickness 203mm width | G29: SP2400005 | H29: Falcon Plastic Products Company | J29: NA | K29: 01/2024 | L29: 00.01.2024 | M29: 01/2026 | N29: 00.01.2026 | O29: NA | P29: NA | Q29: 10.01.2026 | U29: 424.472 | V29: Kg. | Y29: Exp. | Z29: =U29-W29 | AA29: =AC29+AH29+AK29+AN29+AQ29+AT29+AW29+AZ29+BC29+BF29+BI29+BL29+BO29 | AC29: =Z29-AD29-AE29-AB29 | AD29: 405.072 | AE29: 0 | AF29: 17.07.2025 | AG29: MR250135 | AH29: -49.9 | AI29: 03.09.2025 | AJ29: R-MR250135 | AK29: 30.5
A30: SP | B30: 25/01/2024 | C30: Euro-2023-001 | D30: 2400017 | E30: SP0087 | F30: Label-FAS Chlorex Sterile Solution 1% Clear-3ml [Size 6 cm x 5 cm] | G30: SP2400006 | H30: Eurolabel S.r.I | J30: 3342843339 | K30: 18/12/2023 | L30: 18.12.2023 | M30: 18/12/2025 | N30: 18.12.2025 | O30: NA | P30: NA | Q30: 04.02.2026 | U30: 950 | V30: No. | Y30: Exp. | Z30: =U30-W30 | AA30: =AC30+AH30+AK30+AN30+AQ30+AT30+AW30+AZ30+BC30+BF30+BI30+BL30+BO30 | AB30: 0 | AC30: =Z30-AD30-AE30-AB30 | AD30: 950 | AE30: 0
A31: SP | B31: 25/01/2024 | C31: Euro-2023-001 | D31: 2400018 | E31: SP0089 | F31: Label-FAS IODO Sterile Solution 10%-3ml [Size 6 cm x 5 cm] | G31: SP2400007 | H31: Eurolabel S.r.I | J31: 3342843341 | K31: 18/12/2023 | L31: 18.12.2023 | M31: 18/12/2025 | N31: 18.12.2025 | O31: NA | P31: NA | Q31: 04.02.2026 | U31: 3078 | V31: No. | Z31: =U31-W31 | AA31: =AC31+AH31+AK31+AN31+AQ31+AT31+AW31+AZ31+BC31+BF31+BI31+BL31+BO31 | AB31: 0 | AC31: =Z31-AD31-AE31-AB31 | AE31: 3078
A32: PP | B32: 45328 | C32: NA | D32: 2400027 | E32: PP0035 | F32: Regulator Disc [D 24/L 6mm] PP/PE fiber 0.08g/cm3-Applicator 26ml | G32: PP2400015 | H32: Porex Technologies Reinbek GmbH | J32: 001002-001003 | K32: 04/12/2023 | L32: 04.12.2023 | M32: 04/12/2025 | N32: 04.12.2025 | O32: NA | P32: NA | Q32: 12.02.2026 | U32: 41751 | V32: No. | Z32: =U32-W32 | AA32: =AC32+AH32+AK32+AN32+AQ32+AT32+AW32+AZ32+BC32+BF32+BI32+BL32+BO32 | AB32: 0 | AC32: =Z32-AD32-AE32-AB32 | AD32: 11751 | AE32: 0 | AF32: 07.09.2025 | AG32: 25IPP021 | AH32: -15000 | AI32: 17.09.2025 | AJ32: 25IPP023 | AK32: -15000
A33: SP | B33: 45330 | C33: Euro-2023-001 | D33: 2400035 | E33: SP0087 | F33: Label-FAS Chlorex Sterile Solution 1% Clear-3ml [Size 6 cm x 5 cm] | G33: SP2400013 | H33: Eurolabel S.r.I | J33: 3342843339 | K33: 18/12/2023 | L33: 18.12.2023 | M33: 18/12/2025 | N33: 18.12.2025 | O33: NA | P33: NA | Q33: 15.02.2026 | U33: 42988 | V33: No. | Y33: Exp. | Z33: =U33-W33 | AA33: =AC33+AH33+AK33+AN33+AQ33+AT33+AW33+AZ33+BC33+BF33+BI33+BL33+BO33 | AB33: 0 | AC33: =Z33-AD33-AE33-AB33 | AD33: 42988 | AE33: 0 | BP33: .
A34: SP | B34: 45330 | C34: Euro-2023-001 | D34: 2400036 | E34: SP0089 | F34: Label-FAS IODO Sterile Solution 10%-3ml [Size 6 cm x 5 cm] | G34: SP2400014 | H34: Eurolabel S.r.I | J34: 3342843341 | K34: 18/12/2023 | L34: 18.12.2023 | M34: 18/12/2025 | N34: 18.12.2025 | O34: NA | P34: NA | Q34: 15.02.2026 | U34: 44994 | V34: No. | Z34: =U34-W34 | AA34: =AC34+AH34+AK34+AN34+AQ34+AT34+AW34+AZ34+BC34+BF34+BI34+BL34+BO34 | AB34: 0 | AC34: =Z34-AD34-AE34-AB34 | AE34: 44994 | BP34: .
A35: SP | B35: 45330 | C35: Euro-2023-001 | D35: 2400038 | E35: SP0088 | F35: Label-FAS Chlorex Sterile Solution 0.5% Clear-3ml [Size 6 cm x 5 cm] | G35: SP2400016 | H35: Eurolabel S.r.I | J35: 3342843340 | K35: 18/12/2023 | L35: 18.12.2023 | M35: 18/12/2025 | N35: 18.12.2025 | O35: NA | P35: NA | Q35: 15.02.2026 | U35: 41099 | V35: No. | Y35: Exp. | Z35: =U35-W35 | AA35: =AC35+AH35+AK35+AN35+AQ35+AT35+AW35+AZ35+BC35+BF35+BI35+BL35+BO35 | AB35: 0 | AC35: =Z35-AD35-AE35-AB35 | AD35: 29641 | AE35: 0 | AF35: 30.06.2025 | AG35: L25F009 | AH35: -8000 | AI35: 06.07.2025 | AJ35: R-L25F009 | AK35: 1130 | AL35: 21.10.2025 | AM35: L25J009 | AN35: -5105 | AO35: 23.10.2025 | AP35: R-L25J009 | AQ35: 517
A36: RM | B36: 45334 | C36: NA | D36: 2400041 | E36: RM0027 | F36: Croscarmellose Sodium | G36: RM2400003 | H36: Dupont Nutrition ireland | J36: 4574468489 | K36: 09/08/2023 | L36: 09.08.2023 | M36: 07/08/2026 | N36: 07.08.2026 | O36: NA | P36: NA | Q36: 21.08.2027 | U36: 47.542 | V36: Kg. | Z36: =U36-W36 | AA36: =AC36+AH36+AK36+AN36+AQ36+AT36+AW36+AZ36+BC36+BF36+BI36+BL36+BO36 | AB36: 0 | AC36: =Z36-AD36-AE36-AB36 | AE36: 0 | AF36: 25.08.2025 | AG36: MR R&D | AH36: -0.2 | AI36: 23 2-26.10.2025 | AJ36: T25J001 T25J002 T25J003 | AK36: =-3*(1.03) | AL36: 3-29.10.2025 | AM36: T25J004-5-6 | AN36: =-(3*1.03) | AO36: 10.11.2025 | AP36: C25K002 | AQ36: -0.1419
A37: RM | B37: 45334 | C37: NA | D37: 2400042 | E37: RM0026 | F37: Microcrystalline Cellulose PH 112 | G37: RM2400004 | H37: Dupont Nutrition ireland | J37: 4574468367 | K37: 25/07/2023 | L37: 25.07.2023 | M37: 24/07/2027 | N37: 24.07.2027 | O37: NA | P37: NA | Q37: 12.03.2027 | U37: 40.79 | V37: Kg. | W37: 0.24 | Z37: =U37-W37 | AA37: =AC37+AH37+AK37+AN37+AQ37+AT37+AW37+AZ37+BC37+BF37+BI37+BL37+BO37 | AB37: 0 | AC37: =Z37-AD37-AE37-AB37 | AE37: 0
A38: PP | B38: 13/02/2024 | C38: NA | D38: 2400044 | E38: PP0041 | F38: Sponge with Plastic Scrub | G38: PP2400020 | H38: Jianerkang Medical Co.,Ltd. | J38: NA | K38: 28/12/2023 | L38: NA | M38: 01/01/2026 | N38: NA | O38: NA | P38: NA | U38: 2110 | V38: No. | Z38: =U38-W38 | AA38: =AC38+AH38+AK38+AN38+AQ38+AT38+AW38+AZ38+BC38+BF38+BI38+BL38+BO38 | AB38: 0 | AC38: =Z38-AD38-AE38-AB38 | AD38: 2110 | AE38: 0
A39: RM | B39: 25/02/2024 | C39: NA | D39: 2400049 | E39: RM0020 | F39: Hydroxypropyl Methylcellulose-Methocel E15 Premium LV | G39: RM2400005 | H39: Colorcon Limited | J39: 123120127 | K39: 29/01/2023 | L39: 29.01.2023 | M39: 03/01/2028 | N39: 03.01.2028 | O39: NA | P39: NA | U39: 17.225 | V39: Kg. | Z39: =U39-W39 | AA39: =AC39+AH39+AK39+AN39+AQ39+AT39+AW39+AZ39+BC39+BF39+BI39+BL39+BO39 | AB39: 0 | AC39: =Z39-AD39-AE39-AB39 | AE39: 0
A40: RM | B40: 25/02/2024 | C40: NA | D40: 2400050 | E40: RM0022 | F40: Opadry Pink Powder 03F540042 | G40: RM2400006 | H40: Colorcon Limited | J40: 123110048 | K40: 28/11/2023 | L40: 28.11.2023 | M40: 26/11/2026 | N40: 26.11.2026 | O40: NA | P40: NA | U40: 6.18 | V40: Kg. | Z40: =U40-W40 | AA40: =AC40+AH40+AK40+AN40+AQ40+AT40+AW40+AZ40+BC40+BF40+BI40+BL40+BO40 | AB40: 0 | AC40: =Z40-AD40-AE40-AB40 | AE40: 0
A41: RM | B41: 25/02/2024 | C41: SSMC0092024 | D41: 2400052 | E41: RM0025 | F41: Partially Preglatinized Maize Starch 2001 [Starch 1500] | G41: RM2400008 | H41: Colrcon Limited | J41: IN551027 | K41: 45269 | L41: 12.09.2023 | M41: 46700 | N41: 11.09.2027 | O41: NA | P41: NA | U41: 4.652 | V41: Kg. | Z41: =U41-W41 | AA41: =AC41+AH41+AK41+AN41+AQ41+AT41+AW41+AZ41+BC41+BF41+BI41+BL41+BO41 | AB41: 0 | AC41: =Z41-AD41-AE41-AB41 | AE41: 0
A42: SP | B42: 45354 | C42: NA | D42: 2400056 | E42: SP0095 | F42: Medical Paper 60gm Printed-FAS Chlorex 1%-3ml [Width 408mm] | G42: SP2400017 | H42: STERIFIT Srl Società Unipersonale | J42: 23.02338-001 | K42: 16.11.2023 | L42: 16.11.2023 | M42: 15.11.2025 | N42: 15.11.2025 | O42: NA | P42: NA | Q42: 04.03.2026 | U42: 19.55 | V42: Kg. | Y42: 5 | Z42: =U42-W42 | AA42: =AC42+AH42+AK42+AN42+AQ42+AT42+AW42+AZ42+BC42+BF42+BI42+BL42+BO42 | AB42: 0 | AC42: =Z42-AD42-AE42-AB42 | AE42: 18.774 | AF42: 05.01.2026 | AG42: MR250273 | AH42: -19.55 | AI42: 11.01.2026 | AJ42: R-MR250273 | AK42: 18.774
A43: Bu | B43: 45363 | C43: NA | D43: 2400060 | E43: BP0008 | F43: FAS IODO 10% Solution | G43: BP2400006 | H43: Giochemica S.R.L. | J43: P0079 | K43: 45292 | L43: 00.01.2024 | M43: 46388 | N43: 00.01.2027 | O43: NA | P43: NA | U43: 258.7 | V43: Kg. | Z43: =U43-W43 | AA43: =AC43+AH43+AK43+AN43+AQ43+AT43+AW43+AZ43+BC43+BF43+BI43+BL43+BO43 | AB43: 0 | AC43: =Z43-AD43-AE43-AB43 | AE43: 0 | AF43: 06.11.2025 | AG43: L25K004 | AH43: -75.8 | AI43: 11.11.2025 | AJ43: 16 R | AK43: 69.7
A44: RM | B44: 45363 | C44: NA | D44: 2400061 | E44: RM0030 | F44: Hydroxypropyl Methylcellulose E50 | G44: RM2400012 | H44: JRS Pharma | J44: 18897/22 | K44: 44774 | L44: 00.08.2022 | M44: N.A | N44: NA | O44: 45870 | P44: 00.02.2027 | U44: 24.9 | V44: Kg. | Y44: Supp.retest | Z44: =U44-W44 | AA44: =AC44+AH44+AK44+AN44+AQ44+AT44+AW44+AZ44+BC44+BF44+BI44+BL44+BO44 | AB44: 0 | AC44: =Z44-AD44-AE44-AB44 | AD44: 0 | AE44: 0
A45: TP | B45: 45372 | C45: NA | D45: 2400062 | E45: TP0001 | F45: Outer Carton for FAS Chlorex L41x H 24 x W 30 cm | G45: TP2400001 | H45: Pro Pack Carton Facroty | J45: 1-754-102 | K45: 45352 | L45: 00.03.2024 | M45: 46813 | N45: 00.03.2028 | O45: NA | P45: NA | Q45: 16.04.2026 | U45: 7028 | V45: No. | Z45: =U45-W45 | AA45: =AC45+AH45+AK45+AN45+AQ45+AT45+AW45+AZ45+BC45+BF45+BI45+BL45+BO45 | AB45: 0 | AC45: =Z45-AD45-AE45-AB45 | AE45: 0 | AF45: 08.07.2025 | AG45: MR250127 | AH45: -1550 | AI45: 18.09.2025 | AJ45: MR250176 | AK45: -44 | AL45: 24.09.2025 | AM45: R-C25I001 | AN45: 4 | AO45: 24.09.2025 | AP45: MR250178 | AQ45: -10 | AR45: 14.10.2025 | AS45: MR250198 | AT45: -20 | AU45: 06.11.2025 | AV45: MR250224 | AW45: -1538 | AX45: 17.11.2025 | AY45: MR250230 | AZ45: -72 | BA45: 17.11.2025 | BB45: MR250231 | BC45: -72 | BD45: 17.11.2025 | BE45: L25K007 | BF45: -243 | BG45: 24.11.2025 25.11.2025 04.12.2025 14.12.2025 15.12.2025 06.01.2026 18.01.2026 19.01.2026 09.02.2026 24.02.2026 | BH45: L25K007 MR250243 MR250252 NI0443 NI0443 L26A002 L26A011 L26A012-4 C26B001 C26B001 | BI45: =-(57+14+230+425+445+225+385+400+16+222+90+1) | BJ45: 25.11.2025 | BK45: R-CT25K01 | BL45: 39 | BM45: 25.11.2025 26.11.2025 27.11.2025 03.12.2025 03.12.2025 21.12.2025 21.12.2025 13.01.2026 27.01.2026 | BN45: R-L25K007 R-CT25K02 R-C25K001 R-C25K004 R-NI0443 R-C25L001 R-L26A002 R-L26A014 | BO45: =(8+38+387+5+411+7+18+3+8)
A46: TP | B46: 45372 | C46: NA | D46: 2400063 | E46: TP0003 | F46: Outer Carton for FAS Chlorex L41x H 29 x W 30 cm | G46: TP2400002 | H46: Pro Pack Carton Facroty | J46: 1-754-101 | K46: 45352 | L46: 00.03.2024 | M46: 46813 | N46: 00.03.2028 | O46: NA | P46: NA | Q46: 16.04.2026 | U46: 1232 | V46: No. | Z46: =U46-W46 | AA46: =AC46+AH46+AK46+AN46+AQ46+AT46+AW46+AZ46+BC46+BF46+BI46+BL46+BO46 | AB46: 0 | AC46: =Z46-AD46-AE46-AB46 | AD46: 168 | AE46: 0 | AF46: 02.09.2025 | AG46: 220915 | AH46: -154 | AI46: 03.09.2025 | AJ46: MR250165 | AK46: -40 | AL46: 13.10.2025 | AM46: MR250196 | AN46: -131 | AO46: 15.10.2025 | AP46: MR250200 | AQ46: -15 | AR46: 16.10.2025 | AS46: R-25S1246 | AT46: 6 | AU46: 17.11.2025 | AV46: 220915 | AW46: -595 | AX46: 24.11.2025 | AY46: 220915 | AZ46: -135
A47: RM | B47: 45389 | C47: NA | D47: 2400080 | E47: RM0033 | F47: Brilliant Blue E- 133 | G47: RM2400014 | H47: Ajanta Chemical Industries | J47: S0510522 | K47: 44689 | L47: 08.05.2022 | M47: 45784 | N47: 07.05.2025 | O47: NA | P47: NA | U47: 4.95 | V47: Kg. | Z47: =U47-W47 | AA47: =AC47+AH47+AK47+AN47+AQ47+AT47+AW47+AZ47+BC47+BF47+BI47+BL47+BO47 | AB47: 0 | AC47: =Z47-AD47-AE47-AB47 | AD47: 0 | AE47: 4.95
A48: RM | B48: 45389 | C48: NA | D48: 2400081 | E48: RM0034 | F48: Crospovidone Type A | G48: RM2400015 | H48: Polyplasdone XL Pharm | J48: 000-2665057 | K48: 45203 | L48: 04.10.2023 | M48: 46298 | N48: 03.10.2026 | O48: NA | P48: NA | U48: 47.295 | V48: Kg. | W48: 0.14 | Z48: =U48-W48 | AA48: =AC48+AH48+AK48+AN48+AQ48+AT48+AW48+AZ48+BC48+BF48+BI48+BL48+BO48 | AB48: 47.155 | AC48: =Z48-AD48-AE48-AB48 | AE48: 0
A49: RM | B49: 45389 | C49: NA | D49: 2400082 | E49: RM0031 | F49: Silica Colloidal Hydrated | G49: RM2400016 | H49: Grace GmbH thorsten Limpio in der Hollerhecke | J49: 1000407634 | K49: 06.01.2024 | L49: 06.01.2024 | M49: 06.01.2026 | N49: 06.01.2026 | O49: NA | P49: NA | Q49: 22.06.2027 | U49: 0.60988 | V49: Kg. | Y49: Exp. | Z49: =U49-W49 | AA49: =AC49+AH49+AK49+AN49+AQ49+AT49+AW49+AZ49+BC49+BF49+BI49+BL49+BO49 | AB49: 0 | AC49: =Z49-AD49-AE49-AB49 | AD49: 0.61 | AE49: 0
A50: SP | B50: 45389 | C50: NA | D50: 2400083 | E50: SP0073 | F50: Box-FAS Chlorex 2% [ 40L X 22.5W X 4.6H cm] | G50: SP2400022 | H50: Al Shams Printing Packaging& Trading CO | J50: 46732 | K50: 45352 | L50: 00.03.2024 | M50: 47178 | N50: 00.03.2029 | O50: NA | P50: NA | Q50: 16.04.2026 | U50: 190 | V50: No. | Y50: Old V. | Z50: =U50-W50 | AA50: =AC50+AH50+AK50+AN50+AQ50+AT50+AW50+AZ50+BC50+BF50+BI50+BL50+BO50 | AB50: 0 | AC50: =Z50-AD50-AE50-AB50 | AD50: 190 | AE50: 0
A51: SP | B51: 45397 | C51: NA | D51: 2400091 | E51: SP0095 | F51: Medical Paper 60gm Printed-FAS Chlorex 1%-3ml [Width 408mm] | G51: SP2400029 | H51: STERIFIT Srl Società Unipersonale | J51: 23.02338-001 | K51: 16/11/2023 | L51: 16.11.2023 | M51: 15/11/2029 | N51: 15.11.2029 | O51: NA | P51: NA | Q51: 25.04.2026 | U51: 150 | V51: Kg. | W51: 0.15 | Y51: 5 | Z51: =U51-W51 | AA51: =AC51+AH51+AK51+AN51+AQ51+AT51+AW51+AZ51+BC51+BF51+BI51+BL51+BO51 | AB51: 0 | AC51: =Z51-AD51-AE51-AB51 | AE51: 0
A52: SP | B52: 45397 | C52: NA | D52: 2400092 | E52: SP0096 | F52: Medical Paper 60gm Printed-FAS Chlorex 0.5%-3ml[Width 408mm | G52: SP2400030 | H52: STERIFIT Srl Società Unipersonale | J52: 23.02337-001 | K52: 16/11/2023 | L52: 16.11.2023 | M52: 15/11/2029 | N52: 15.11.2029 | O52: NA | P52: NA | Q52: 25.04.2026 | U52: 153.7 | V52: Kg. | W52: 0.15 | Y52: 5 | Z52: =U52-W52 | AA52: =AC52+AH52+AK52+AN52+AQ52+AT52+AW52+AZ52+BC52+BF52+BI52+BL52+BO52 | AB52: 0 | AC52: =Z52-AD52-AE52-AB52 | AE52: 0 | AF52: 21.10.2025 | AG52: L25J009 | AH52: -23 | AI52: 26.10.2025 | AJ52: R-L25J009 | AK52: 20.745 | AL52: 28.12.2025 | AM52: L25L005 | AN52: -21.3 | AO52: 31.12.2025 | AP52: R-L25L005 | AQ52: 17.07
A53: SP | B53: 45397 | C53: NA | D53: 2400093 | E53: SP0097 | F53: Medical Paper 60gm Printed-FAS IODO10%-3ml[Width 408mm | G53: SP2400031 | H53: STERIFIT Srl Società Unipersonale | J53: 23.02342-001 | K53: 16/11/2023 | L53: 16.11.2023 | M53: 15/11/2029 | N53: 15.11.2029 | O53: NA | P53: NA | Q53: 28.04.2026 | U53: 189.1 | V53: Kg. | Y53: ? | Z53: =U53-W53 | AA53: =AC53+AH53+AK53+AN53+AQ53+AT53+AW53+AZ53+BC53+BF53+BI53+BL53+BO53 | AB53: 0 | AC53: =Z53-AD53-AE53-AB53 | AD53: 189.1 | AE53: 0
A54: SF | B54: 45398 | C54: NA | D54: 2400095 | E54: SF0049 | F54: ZOANIX Soft Gelatine Capsule Blisters | G54: SF2400001 | H54: Catalent Italy S.P.A | J54: 23110506A | K54: 11/2023 | L54: 00.11.2023 | M54: 11/2026 | N54: 00.11.2026 | O54: NA | P54: . | U54: 303 | V54: No. | Z54: =U54-W54 | AA54: =AC54+AH54+AK54+AN54+AQ54+AT54+AW54+AZ54+BC54+BF54+BI54+BL54+BO54 | AB54: 0 | AC54: =Z54-AD54-AE54-AB54 | AE54: 0 | BQ54: .
A55: SP | B55: 45398 | C55: NA | D55: 2400096 | E55: SP0100 | F55: Label for FAS Chlorex 2% Box | G55: SP2400033 | H55: Global Pac Saudi | J55: SSMC0402024 | K55: 06/04/2024 | L55: 06.04.2024 | M55: 06/04/2026 | N55: 06.04.2026 | O55: NA | P55: NA | Q55: 16.04.2026 | U55: 265 | V55: No. | Y55: Old V. | Z55: =U55-W55 | AA55: =AC55+AH55+AK55+AN55+AQ55+AT55+AW55+AZ55+BC55+BF55+BI55+BL55+BO55 | AB55: 0 | AC55: =Z55-AD55-AE55-AB55 | AD55: 240 | AE55: 0 | AF55: 11.11.2025 | AG55: 13 | AH55: -18 | AI55: 26.11.2025 | AJ55: 45 | AK55: -112 | AL55: 01.12.2025 | AM55: R-0045/2025 | AN55: 105
A56: TP | B56: 45398 | C56: NA | D56: 2400097 | E56: TP0002 | F56: Label for FAS Chlorex 2% Outer Carton | G56: TP2400003 | H56: Global Pac Saudi | J56: SSMC0402024 | K56: 06/04/2024 | L56: 06.04.2024 | M56: 06/04/2026 | N56: 06.04.2026 | O56: NA | P56: NA | Q56: 16.04.2026 | U56: 60 | V56: No. | Y56: Old V. | Z56: =U56-W56 | AA56: =AC56+AH56+AK56+AN56+AQ56+AT56+AW56+AZ56+BC56+BF56+BI56+BL56+BO56 | AB56: 0 | AC56: =Z56-AD56-AE56-AB56 | AD56: 60 | AE56: 0
A57: RM | B57: 45399 | C57: NA | D57: 2400098 | E57: RM0035 | F57: Colloidal Silicon Dioxide | G57: RM2400017 | H57: Evonik Leading Beyond Chemistry | J57: 233111520 | K57: 15/11/2023 | L57: 15.11.2023 | M57: 14/11/2025 | N57: 14.11.2025 | O57: NA | P57: NA | Q57: 22.06.2027 | U57: 7.337 | V57: Kg. | Y57: Exp. | Z57: =U57-W57 | AA57: =AC57+AH57+AK57+AN57+AQ57+AT57+AW57+AZ57+BC57+BF57+BI57+BL57+BO57 | AB57: 0 | AC57: =Z57-AD57-AE57-AB57 | AD57: 3.209 | AE57: 0 | AF57: 15.09.2025 | AG57: T25I001 | AH57: -0.502 | AI57: 15.09.2025 | AJ57: T25I002 | AK57: -0.57 | AL57: 18.09.2025 | AM57: C25I001 | AN57: -1.49 | AO57: 23 2-26.10.2025 | AP57: T25J001 T25J002 T25J003 | AQ57: =-3*(0.206) | AR57: 26.10.2025 | AS57: MR250209 | AT57: -0.05 | AU57: 3-29.10.2025 | AV57: T25J004-5-6 | AW57: =-3*(0.206) | AX57: 09.11.2025 | AY57: C25K002 | AZ57: -0.1419 | BA57: 10.11.2025 | BB57: C25K003 | BC57: -0.1386
A58: SP | B58: 45399 | C58: NA | D58: 2400099 | E58: SP0131 | F58: Pamphlet-Epasterin Soft Gelatin Capsule | G58: SP2400034 | H58: Catalent Italy S.P.A | J58: 5761294 | K58: 31/01/2024 | L58: 31.01.2024 | M58: 02/2027 | N58: 00.02.2027 | O58: NA | P58: NA | Q58: 24.06.2026 | U58: 5611 | V58: No. | Z58: =U58-W58 | AA58: =AC58+AH58+AK58+AN58+AQ58+AT58+AW58+AZ58+BC58+BF58+BI58+BL58+BO58 | AB58: 0 | AC58: =Z58-AD58-AE58-AB58 | AE58: 0
A59: SP | B59: 45404 | C59: NA | D59: 2400103 | E59: SP0098 | F59: Medical Paper 60gm Printed-FAS Chlorex2%-10.5ml[Width 408mm | G59: SP2400037 | H59: Shangdong Qilu Ethylene Chemicals Co.LTd | J59: 240130 | K59: 45321 | L59: 30.01.2024 | M59: 46052 | N59: 30.01.2026 | O59: NA | P59: NA | Q59: 28.04.2026 | U59: 166.85 | V59: Kg. | Y59: Exp. | Z59: =U59-W59 | AA59: =AC59+AH59+AK59+AN59+AQ59+AT59+AW59+AZ59+BC59+BF59+BI59+BL59+BO59 | AB59: 0 | AC59: =Z59-AD59-AE59-AB59 | AD59: 9.9 | AE59: 0 | AF59: 12.08.2025 | AG59: L25H006 | AH59: -29.1 | AI59: 17.08.2025 | AJ59: L25H011 | AK59: -57.1 | AL59: 31.08.2025 | AM59: R-L25H006 | AN59: 25.3 | AO59: 25.09.2025 | AP59: L25I011 | AQ59: -50.5 | AR59: 30.09.2025 | AS59: L25I012 | AT59: -28.6 | AU59: 30.09.2025 | AV59: L25I013 | AW59: -28.8 | AX59: 27.08.2025 | AY59: R-L25I011 | AZ59: 25.4 | BA59: 02.10.2025 | BB59: R-L25I011 | BC59: 15.22 | BD59: 05.10.2025 26.10.2025 | BE59: R-L25I013 R-L25J008 | BF59: =(32.8+9.9) | BG59: 13.10.2025 | BH59: L25J007 | BI59: -57.6 | BJ59: 13.10.2025 19.10.2025 | BK59: L25J006 L25J008 | BL59: =-(15.3+4.1) | BM59: 05.10.2025 | BN59: R-L25I013 | BO59: 5.53
A60: RM | B60: 30.May.-2024 | C60: NA | D60: 2400105 | E60: RM0036 | F60: Povidone K30 | G60: RM2400018 | H60: Isp Chemical llc USA | J60: 0002644418 | K60: 05.apri.-2023 | L60: 05.04.2023 | M60: 04.april.-2026 | N60: 00.04.2026 | O60: NA | P60: NA | U60: 49.8 | V60: Kg. | Z60: =U60-W60 | AA60: =AC60+AH60+AK60+AN60+AQ60+AT60+AW60+AZ60+BC60+BF60+BI60+BL60+BO60 | AB60: 49.8 | AC60: =Z60-AD60-AE60-AB60 | AE60: 0
A61: RM | B61: 06.june.-2024 | C61: SSMC0522024 | D61: 2400108 | E61: RM0013 | F61: Lactose Monohydrate | G61: RM2400020 | H61: DFE-Gemany | J61: 10C2112 | K61: 06/2023 | L61: 00.06.2023 | M61: 05/2026 | N61: 00.05.2026 | O61: NA | P61: NA | U61: 23.822 | V61: Kg. | Z61: =U61-W61 | AA61: =AC61+AH61+AK61+AN61+AQ61+AT61+AW61+AZ61+BC61+BF61+BI61+BL61+BO61 | AB61: 0 | AC61: =Z61-AD61-AE61-AB61 | AE61: 0
A62: RM | B62: 23.June.-2024 | C62: 51534 SO | D62: 2400109 | E62: RM0004 | F62: Microcrystalline Cellulose PH101 | G62: RM2400021 | H62: Dupont nutrition ireland | J62: 4574372002 | K62: 45092 | L62: 15.06.2023 | M62: 46552 | N62: 14.06.2027 | O62: NA | P62: NA | U62: 48.28 | V62: Kg. | W62: 0.24 | Z62: =U62-W62 | AA62: =AC62+AH62+AK62+AN62+AQ62+AT62+AW62+AZ62+BC62+BF62+BI62+BL62+BO62 | AB62: 0 | AC62: =Z62-AD62-AE62-AB62 | AE62: 0
A63: PP | B63: 23.June.-2024 | C63: SSMC0492024 R2 | D63: 2400110 | E63: PP0058 | F63: PVC Transparent 250 micron thickness 270 mm width | G63: PP2400039 | H63: Technical Aluminium Foil Company LLC. | J63: 177D/MAY | K63: 15/05/2024 | L63: 15.05.2024 | M63: NA | N63: NA | O63: 45791 | P63: 02.02.2027 | U63: 11.55 | V63: Kg. | Y63: Trials | Z63: =U63-W63 | AA63: =AC63+AH63+AK63+AN63+AQ63+AT63+AW63+AZ63+BC63+BF63+BI63+BL63+BO63 | AB63: 0 | AC63: =Z63-AD63-AE63-AB63 | AD63: 11.55 | AE63: 0
A64: PP | B64: 23.June.-2024 | C64: SSMC0492024 R2 | D64: 2400112 | E64: PP0067 | F64: PVDC trasnsparent 250/60 micron thickness 242 mm width | G64: PP2400041 | H64: Technical Aluminium Foil Company LLC. | J64: 177F/MAY | K64: 15/05/2024 | L64: 15.05.2024 | M64: NA | N64: NA | O64: 45791 | P64: 02.02.2027 | U64: 15.7 | V64: Kg. | Y64: Trials | Z64: =U64-W64 | AA64: =AC64+AH64+AK64+AN64+AQ64+AT64+AW64+AZ64+BC64+BF64+BI64+BL64+BO64 | AB64: 0 | AC64: =Z64-AD64-AE64-AB64 | AD64: 3.6 | AE64: 0 | AF64: 14.10.2025 | AG64: MR250197 | AH64: -15.7 | AI64: 19.10.2025 | AJ64: R-MR250197 | AK64: 10.5 | AL64: 17.12.2025 | AM64: MR250261 | AN64: -10.5 | AO64: 18.12.2025 | AP64: R-MR250261 | AQ64: 3.6 | BP64: .
A65: PP | B65: 23.June.-2024 | C65: SSMC0492024 R2 | D65: 2400113 | E65: PP0059 | F65: Transparent Triplex 250/25/90 width 242mm | G65: PP2400042 | H65: Technical Aluminium Foil Company LLC. | J65: 177E/MAY | K65: 15/05/2024 | L65: 15.05.2024 | M65: NA | N65: NA | O65: 45791 | P65: 14.05.2026 | U65: 31 | V65: Kg. | Y65: Trials | Z65: =U65-W65 | AA65: =AC65+AH65+AK65+AN65+AQ65+AT65+AW65+AZ65+BC65+BF65+BI65+BL65+BO65 | AB65: 0 | AC65: =Z65-AD65-AE65-AB65 | AD65: 18.95 | AE65: 0 | AF65: 26.06.2025 | AG65: MR250119 | AH65: -31 | AI65: 26.06.2025 | AJ65: R-MR250119 | AK65: 26.8 | AL65: 14.08.2025 | AM65: MR250152 | AN65: -26.8 | AO65: 17.08.2025 | AP65: R-250152 | AQ65: 23.3 | AR65: 14.10.2025 | AS65: MR250197 | AT65: -23.3 | AU65: 16.10.2025 | AV65: R-MR250197 | AW65: 21 | AX65: 17.12.2025 | AY65: MR250262 | AZ65: -21 | BA65: 18.12.2025 | BB65: R-MR250262 | BC65: 18.95
A66: PP | B66: 23.June.-2024 | C66: SSMC0492024 R2 | D66: 2400116 | E66: PP0068 | F66: PVC/PVDC trasnsparent 250/60 micron thickness 196 mm width | G66: PP2400044 | H66: Technical Aluminium Foil Company LLC. | J66: 177G/MAY | K66: 15/05/2024 | L66: 15.05.2024 | M66: NA | N66: NA | O66: 45791 | P66: 02.02.2027 | Q66: 03.07.2026 | U66: 46.72 | V66: Kg. | Z66: =U66-W66 | AA66: =AC66+AH66+AK66+AN66+AQ66+AT66+AW66+AZ66+BC66+BF66+BI66+BL66+BO66 | AB66: 0 | AC66: =Z66-AD66-AE66-AB66 | AD66: 0 | AE66: 0
A67: PP | B67: 23.June.-2024 | C67: SSMC0492024 R2 | D67: 2400117 | E67: PP0060 | F67: Cold form Alu 5Ply (40 HDPE/15 oPA/6- Al / 15 opa/40) with Primer-198mm | G67: PP2400045 | H67: Technical Aluminium Foil Company LLC. | J67: 178/MAY | K67: 10/05/2024 | L67: 10.05.2024 | M67: NA | N67: NA | O67: 45786 | P67: 02.02.2027 | U67: 125.34 | V67: Kg. | Z67: =U67-W67 | AA67: =AC67+AH67+AK67+AN67+AQ67+AT67+AW67+AZ67+BC67+BF67+BI67+BL67+BO67 | AB67: 0 | AC67: =Z67-AD67-AE67-AB67 | AD67: 0 | AE67: 0 | BP67: .
A68: PP | B68: 23.June.-2024 | C68: SSMC0492024 R2 | D68: 2400118 | E68: PP0066 | F68: Alu Foil unprinted 30 micron thickness 196 mm width | G68: PP2400046 | H68: Technical Aluminium Foil Company LLC. | J68: 179F/MAY | K68: 05/2024 | L68: 00.05.2024 | M68: 10/2025 | N68: 02.02.2027 | O68: NA | P68: NA | Q68: 30.06.2026 | U68: 145 | V68: Kg. | Z68: =U68-W68 | AA68: =AC68+AH68+AK68+AN68+AQ68+AT68+AW68+AZ68+BC68+BF68+BI68+BL68+BO68 | AB68: 0 | AC68: =Z68-AD68-AE68-AB68 | AE68: 0 | BP68: .
A69: PP | B69: 23.June.-2024 | C69: SSMC0492024 R2 | D69: 2400119 | E69: PP0055 | F69: PVC Transparent 250 micron thickness 242 mm width | G69: PP2400047 | H69: Technical Aluminium Foil Company LLC. | J69: 177A/MAY | K69: 15/05/2024 | L69: 15.05.2024 | M69: NA | N69: NA | O69: 45791 | P69: 02.02.2027 | U69: 78.8 | V69: Kg. | Y69: Trials | Z69: =U69-W69 | AA69: =AC69+AH69+AK69+AN69+AQ69+AT69+AW69+AZ69+BC69+BF69+BI69+BL69+BO69 | AB69: 0 | AC69: =Z69-AD69-AE69-AB69 | AD69: 77.2 | AE69: 0 | AF69: 08.01.2026 | AG69: MR26005 | AH69: -3.6 | AI69: 8.01.2026 | AJ69: R-MR26005 | AK69: 2
A70: PP | B70: 23.June.-2024 | C70: SSMC0492024 R2 | D70: 2400120 | E70: PP0056 | F70: PVC Transparent 250 micron thickness 205 mm width | G70: PP2400048 | H70: Technical Aluminium Foil Company LLC. | J70: 177B/MAY | K70: 15/05/2024 | L70: 15.05.2024 | M70: NA | N70: NA | O70: 45791 | P70: 14.05.2025 | U70: 73 | V70: Kg. | Z70: =U70-W70 | AA70: =AC70+AH70+AK70+AN70+AQ70+AT70+AW70+AZ70+BC70+BF70+BI70+BL70+BO70 | AB70: 0 | AC70: =Z70-AD70-AE70-AB70 | AD70: 73 | AE70: 0
A71: PP | B71: 23.June.-2024 | C71: SSMC0492024 R2 | D71: 2400121 | E71: PP0057 | F71: PVC Transparent 250 micron thickness 151 mm width | G71: PP2400049 | H71: Technical Aluminium Foil Company LLC. | J71: 177C/MAY | K71: 15/05/2024 | L71: 15.05.2024 | M71: NA | N71: NA | O71: 45791 | P71: 02.02.2027 | U71: 75.55 | V71: Kg. | Y71: Trials | Z71: =U71-W71 | AA71: =AC71+AH71+AK71+AN71+AQ71+AT71+AW71+AZ71+BC71+BF71+BI71+BL71+BO71 | AB71: 0 | AC71: =Z71-AD71-AE71-AB71 | AD71: 75.55 | AE71: 0 | AF71: 02.11.2025 | AG71: MR250216 | AH71: -15.25 | AI71: 04.11.2025 | AJ71: R-MR250216 | AK71: 15.25
A72: PP | B72: 23.June.-2024 | C72: SSMC0492024 R2 | D72: 2400122 | E72: PP0063 | F72: Alu Foil unprinted 30 micron thickness 149 mm width | G72: PP2400050 | H72: Technical Aluminium Foil Company LLC. | J72: 179C/MAY | K72: 05/2024 | L72: 00.05.2024 | M72: 10/2025 | N72: 02.11.2026 | O72: NA | P72: NA | U72: 15.7 | V72: Kg. | W72: 0.022 | Y72: Trials | Z72: 15.7 | AA72: =AC72+AH72+AK72+AN72+AQ72+AT72+AW72+AZ72+BC72+BF72+BI72+BL72+BO72 | AB72: 0 | AC72: =Z72-AD72-AE72-AB72 | AD72: 8.1 | AE72: 0 | AF72: 27.07.2025 | AG72: MR250142 | AH72: -0.3 | AI72: 28.10.2025 | AJ72: T25J001 T25J002 T25J003 | AK72: -15.4 | AL72: 05.11.2025 | AM72: R-T25J006 | AN72: 8.1
A73: PP | B73: 23.June.-2024 | C73: SSMC0492024 R2 | D73: 2400123 | E73: PP0061 | F73: Alu Foil unprinted 30 micron thickness 240 mm width | G73: PP2400051 | H73: Technical Aluminium Foil Company LLC. | J73: 179A/MAY | K73: 05/2024 | L73: 00.05.2024 | M73: 10/2025 | N73: 02.02.2027 | O73: NA | P73: NA | U73: 43.8 | V73: Kg. | Y73: Trials | Z73: =U73-W73 | AA73: =AC73+AH73+AK73+AN73+AQ73+AT73+AW73+AZ73+BC73+BF73+BI73+BL73+BO73 | AB73: 0 | AC73: =Z73-AD73-AE73-AB73 | AD73: 38.98 | AE73: 0 | AF73: 26.06.2025 | AG73: MR250117 | AH73: -16.4 | AI73: 26.06.2025 | AJ73: R-MR250119 | AK73: 16 | AL73: 14.08.2025 | AM73: MR250152 | AN73: -16 | AO73: 17.08.2025 | AP73: R-MR250152 | AQ73: 15.6 | AR73: 14.10.2025 | AS73: MR250197 | AT73: -16.2 | AU73: 16.10.2025 | AV73: R-MR250197 | AW73: 14.15 | AX73: 17.12.2025 | AY73: MR250262 | AZ73: -28.4 | BA73: 18.12.2025 | BB73: R-MR250262 | BC73: 26.8 | BD73: 08.01.2026 | BE73: R-MR26005 | BF73: 26.4 | BG73: 08.01.2026 | BH73: MR26005 | BI73: -26.8
A74: PP | B74: 23.June.-2024 | C74: SSMC0492024 R2 | D74: 2400124 | E74: PP0062 | F74: Alu Foil unprinted 30 micron thickness 203 mm width | G74: PP2400052 | H74: Technical Aluminium Foil Company LLC. | J74: 179B/MAY | K74: 05/2024 | L74: 00.05.2024 | M74: 10/2025 | N74: 02.02.2027 | O74: NA | P74: NA | U74: 24.28 | V74: Kg. | Y74: Trials | Z74: =U74-W74 | AA74: =AC74+AH74+AK74+AN74+AQ74+AT74+AW74+AZ74+BC74+BF74+BI74+BL74+BO74 | AB74: 0 | AC74: =Z74-AD74-AE74-AB74 | AD74: 24.28 | AE74: 0
A75: PP | B75: 23.June.-2024 | C75: SSMC0492024 R2 | D75: 2400125 | E75: PP0065 | F75: Alu Foil unprinted 30 micron thickness 194 mm width | G75: PP2400053 | H75: Technical Aluminium Foil Company LLC. | J75: 179E/MAY | K75: 05/2024 | L75: 00.05.2024 | M75: 10/2025 | N75: 02.02.2027 | O75: NA | P75: NA | Q75: 30.06.2026 | U75: 19.59 | V75: Kg. | Z75: =U75-W75 | AA75: =AC75+AH75+AK75+AN75+AQ75+AT75+AW75+AZ75+BC75+BF75+BI75+BL75+BO75 | AB75: 0 | AC75: =Z75-AD75-AE75-AB75 | AE75: 0
A76: RM | B76: 26.June.-2024 | C76: NA | D76: 2400131 | E76: RM0047 | F76: Sodium Selenite | G76: RM2400022 | H76: Ambe NS Agro Products PVT. LTD. | J76: AMBAPS2327 | K76: 06/12/2023 | L76: 06.12.2023 | M76: 05/12/2026 | N76: 05.12.2026 | O76: NA | P76: NA | U76: 0.8 | V76: Kg. | W76: 0.03 | Z76: =U76-W76 | AA76: =AC76+AH76+AK76+AN76+AQ76+AT76+AW76+AZ76+BC76+BF76+BI76+BL76+BO76 | AB76: 0 | AC76: =Z76-AD76-AE76-AB76 | AE76: 0 | AF76: 09.11.2025 | AG76: C25K002 | AH76: -0.00363 | AI76: 11.11.2025 | AJ76: C25K003 | AK76: -0.00544
A77: PP | B77: 30.June.-2024 | C77: NA | D77: 2400142 | E77: PP0051 | F77: Regulator Disc [D 18/L 6mm] colored PP/PE fiber Applicator 10.5ml | G77: PP2400067 | H77: Idea Stampi S.r.I. | J77: 24030101-03-24 | K77: 03/2024 | L77: 00.03.2024 | M77: 31/03/2029 | N77: 31.03.2029 | O77: NA | P77: NA | Q77: 07.07.2026 | U77: 102456 | V77: No. | Z77: =U77-W77 | AA77: =AC77+AH77+AK77+AN77+AQ77+AT77+AW77+AZ77+BC77+BF77+BI77+BL77+BO77 | AB77: 0 | AC77: =Z77-AD77-AE77-AB77 | AE77: 0 | AF77: 06.08.2025 | AG77: 25IPP017 | AH77: -41000 | AI77: 18.08.2025 | AJ77: 25IPP019 | AK77: -40941 | AL77: 18.08.2025 | AM77: R-25IPP017 | AN77: 9493 | AO77: 01.09.2025 | AP77: R-25IPP019 | AQ77: 12923 | AR77: 23.10.2025 | AS77: 25IPP030 | AT77: -33423 | AU77: 26.10.2025 | AV77: MR25010 | AW77: -20 | AX77: 29.10.2025 | AY77: R-L25I011 | AZ77: 7990 | BA77: 15.02.2026 | BB77: 26IPP007 | BC77: -17498 | BD77: 24.02.2026 | BE77: R-26IPP007 | BF77: 2240
A78: SP | B78: 03.July.-2024 | C78: NA | D78: 2400143 | E78: SP0078 | F78: Pamphlet-Fertiovum Sachet-30 Sachet | G78: SP2400041 | H78: Shenzhen Huaxinda Printing Co.,Ltd | J78: HXD20240321008 | K78: 15/03/2024 | L78: 15.03.2024 | M78: 15/03/2027 | N78: 15.03.2027 | O78: NA | P78: NA | Q78: 10.07.2026 | U78: 2801 | V78: No. | Z78: =U78-W78 | AA78: =AC78+AH78+AK78+AN78+AQ78+AT78+AW78+AZ78+BC78+BF78+BI78+BL78+BO78 | AB78: 0 | AC78: =Z78-AD78-AE78-AB78 | AE78: 0
A79: SP | B79: 03.July.-2024 | C79: NA | D79: 2400144 | E79: SP0077 | F79: Box-Fertiovum Sachet-30 Sachet | G79: SP2400042 | H79: Shenzhen Huaxinda Printing Co.,Ltd | J79: HXD20240321008-1 | K79: 15/03/2024 | L79: 15.03.2024 | M79: 15/03/2027 | N79: 15.03.2027 | O79: NA | P79: NA | Q79: 23.07.2026 | U79: 2103 | V79: No. | Z79: =U79-W79 | AA79: =AC79+AH79+AK79+AN79+AQ79+AT79+AW79+AZ79+BC79+BF79+BI79+BL79+BO79 | AB79: 0 | AC79: =Z79-AD79-AE79-AB79 | AE79: 0
A80: SP | B80: 17.july.-2024 | C80: NA | D80: 2400146 | E80: SP0153 | F80: Box-Moral 60 soft gelatin capsule | G80: SP2400043 | H80: PhotoStore Co.for Printing and packaging | J80: 2024-238 | K80: 01/07/2024 | L80: 01.07.2024 | M80: 01/07/2026 | N80: 01.07.2026 | O80: NA | P80: NA | Q80: 18.07.2026 | U80: 14571 | V80: No. | Z80: =U80-W80 | AA80: =AC80+AH80+AK80+AN80+AQ80+AT80+AW80+AZ80+BC80+BF80+BI80+BL80+BO80 | AB80: 0 | AC80: =Z80-AD80-AE80-AB80 | AE80: 0
A81: SP | B81: 23.July.-2024 | C81: NA | D81: 2400160 | E81: SP0155 | F81: Box-Hepasyl Soft Gelatin Capsule | G81: SP2400044 | H81: Catalent Pharma Solution GMBH | J81: 5868708 | K81: 01/05/2024 | L81: 01.05.2024 | M81: 05/2027 | N81: 00.05.2027 | O81: NA | P81: NA | Q81: 29.07.2026 | U81: 1914 | V81: No. | Z81: =U81-W81 | AA81: =AC81+AH81+AK81+AN81+AQ81+AT81+AW81+AZ81+BC81+BF81+BI81+BL81+BO81 | AB81: 0 | AC81: =Z81-AD81-AE81-AB81 | AE81: 0
A82: SP | B82: 23.July.-2024 | C82: NA | D82: 2400161 | E82: SP0156 | F82: Pamphlet-Hepasyl Soft Gelatin Capsule | G82: SP2400045 | H82: Catalent Pharma Solution GMBH | J82: 5868708 | K82: 01/05/2024 | L82: 01.05.2024 | M82: 05/2027 | N82: 00.05.2027 | O82: NA | P82: NA | Q82: 29.07.2026 | U82: 2069 | V82: No. | Z82: =U82-W82 | AA82: =AC82+AH82+AK82+AN82+AQ82+AT82+AW82+AZ82+BC82+BF82+BI82+BL82+BO82 | AB82: 0 | AC82: =Z82-AD82-AE82-AB82 | AE82: 0
A83: PP | B83: 23.07.2024 | C83: SSMC0432024 | D83: 2400162 | E83: PP0006 | F83: FertiOvum Sachet alui.Foil Width 260mm | G83: PP2400069 | H83: Pogliano Flexible Packaging S.r.l. | J83: 22125 | K83: 08/04/2024 | L83: 08.04.2024 | M83: 09/05/2027 | N83: 09.05.2027 | O83: NA | P83: NA | Q83: 28.07.2026 | U83: 293.9 | V83: Kg. | Z83: =U83-W83 | AA83: =AC83+AH83+AK83+AN83+AQ83+AT83+AW83+AZ83+BC83+BF83+BI83+BL83+BO83 | AB83: 0 | AC83: =Z83-AD83-AE83-AB83 | AE83: 0
A84: SP | B84: 24.July.-2024 | C84: NA | D84: 2400164 | E84: SP0157 | F84: Box-Fesource Tablet | G84: SP2400046 | H84: Xiamen Nicest Paper Products Co., Ltd. | J84: 20240328KW102 | K84: 28/03/2024 | L84: 28.03.2024 | M84: 28/03/2027 | N84: 28.03.2027 | O84: NA | P84: NA | Q84: 31.07.2026 | U84: 700 | V84: No. | Z84: =U84-W84 | AA84: =AC84+AH84+AK84+AN84+AQ84+AT84+AW84+AZ84+BC84+BF84+BI84+BL84+BO84 | AB84: 0 | AC84: =Z84-AD84-AE84-AB84 | AE84: 0
A85: PP | B85: 28.July.-2024 | C85: NA | D85: 2400165 | E85: PP0041 | F85: Sponge with Plastic Scrub | G85: PP2400070 | H85: Propharm International S.R.L. | J85: NA | K85: 04/2024 | L85: NA | M85: 03/2029 | N85: NA | O85: NA | P85: NA | Q85: N.A | U85: 173 | V85: No. | Z85: =U85-W85 | AA85: =AC85+AH85+AK85+AN85+AQ85+AT85+AW85+AZ85+BC85+BF85+BI85+BL85+BO85 | AB85: 0 | AC85: =Z85-AD85-AE85-AB85 | AD85: 173 | AE85: 0
A86: SP | B86: 01.August.-2024 | C86: SSMC1152024 | D86: 2400171 | E86: SP0074 | F86: Box-FAS Chlorex 2% [ 40L X 27.5W X 4.6H cm] | G86: SP2400047 | H86: Al Shams Printing Packaging& Trading CO | J86: 48052 | K86: 24/07/2024 | L86: 24.07.2024 | M86: 24/07/2029 | N86: 24.07.2029 | O86: NA | P86: NA | Q86: 01.08.2026 | U86: 72 | V86: No. | Z86: =U86-W86 | AA86: =AC86+AH86+AK86+AN86+AQ86+AT86+AW86+AZ86+BC86+BF86+BI86+BL86+BO86 | AB86: 0 | AC86: =Z86-AD86-AE86-AB86 | AD86: 72 | AE86: 0
A87: SP | B87: 15.August.-2024 | C87: NA | D87: 2400174 | E87: SP0096 | F87: Medical Paper 60gm Printed-FAS Chlorex 0.5%-3ml[Width 408mm | G87: SP2400050 | H87: Shangdong Qilu Ethylene Chemicals Co.LTd | J87: C4S217 | K87: 30/07/2024 | L87: 30.07.2024 | M87: 30/07/2026 | N87: 30.07.2026 | O87: NA | P87: NA | Q87: 20.08.2026 | U87: 97.17 | V87: Kg. | Y87: 7 | Z87: =U87-W87 | AA87: =AC87+AH87+AK87+AN87+AQ87+AT87+AW87+AZ87+BC87+BF87+BI87+BL87+BO87 | AB87: 0 | AC87: =Z87-AD87-AE87-AB87 | AE87: 0
A88: SP | B88: 15.August.-2024 | C88: NA | D88: 2400176 | E88: SP0097 | F88: Medical Paper 60gm Printed-FAS IODO Prep.1%-3ml [Width 408mm] | G88: SP2400052 | H88: Shangdong Qilu Ethylene Chemicals Co.LTd | J88: C4S217 | K88: 30/07/2024 | L88: 30.07.2024 | M88: 30/07/2026 | N88: 30.07.2026 | O88: NA | P88: NA | U88: 95.221 | V88: Kg. | W88: 0.0734 | Z88: =U88-W88 | AA88: =AC88+AH88+AK88+AN88+AQ88+AT88+AW88+AZ88+BC88+BF88+BI88+BL88+BO88 | AB88: 0 | AC88: =Z88-AD88-AE88-AB88 | AE88: 0 | AF88: 06.11.2025 | AG88: L25K004 | AH88: -24.4 | AI88: 15.11.2025 | AJ88: R-L25K004 | AK88: 22.952 | AL88: 24.12.2025 | AM88: L25L004 | AN88: -23 | AO88: 28.12.2025 | AP88: R-L25L004 | AQ88: 20.595
A89: SP | B89: 18.August.-2024 | C89: NA | D89: 2400177 | E89: SP0154 | F89: Medical Paper 60gm Printed-FAS Chlorex2% [W 408mm X L 200mm] | G89: SP2400053 | H89: Shangdong Qilu Ethylene Chemicals Co.LTd | J89: C4S217 | K89: 30/07/2024 | L89: 30.07.2024 | M89: 30/07/2026 | N89: 30.07.2026 | O89: NA | P89: NA | Q89: 18.08.2026 | U89: 60.67 | V89: Kg. | Y89: Trials / 5 | Z89: =U89-W89 | AA89: =AC89+AH89+AK89+AN89+AQ89+AT89+AW89+AZ89+BC89+BF89+BI89+BL89+BO89 | AB89: 0 | AC89: =Z89-AD89-AE89-AB89 | AD89: 9.275 | AE89: 0 | AF89: 30.06.2025 | AG89: L25F008 | AH89: -11.5 | AI89: 09.07.2025 | AJ89: R-L25F008 | AK89: 4 | AL89: 14.08.2025 | AM89: L25H007 | AN89: -24.8 | AO89: 28.08.2025 | AP89: R-L25H007 | AQ89: 20.4 | AR89: 11.11.2025 | AS89: L25K001 | AT89: -21.3 | AU89: 2-11.11.2025 | AV89: 17 20 | AW89: =-(4+20.3) | AX89: 15.11.2025 | AY89: R-20/2025 | AZ89: 23.45 | BA89: 15.11.2025 | BB89: R-27/2025 | BC89: 6.738 | BE89: C-R-WRONG | BF89: -9.908 | BG89: 19.11.2025 | BH89: L25K001 | BI89: -23.6 | BJ89: 25.11.2025 | BK89: R-L25K001 | BL89: 9.425
A90: SP | B90: 22,August.-2024 | C90: NA | D90: 2400178 | E90: SP0162 | F90: Box-Mega-Q Soft Gelatin Capsule | G90: SP2400054 | H90: Catalent Pharma Solution GMBH | J90: 24255101 | K90: 06/05/2024 | L90: 06.05.2024 | M90: 06/05/2026 | N90: 06.05.2026 | O90: NA | P90: NA | Q90: 27.08.2026 | U90: 4770 | V90: No. | Z90: =U90-W90 | AA90: =AC90+AH90+AK90+AN90+AQ90+AT90+AW90+AZ90+BC90+BF90+BI90+BL90+BO90 | AB90: 0 | AC90: =Z90-AD90-AE90-AB90 | AE90: 0
A91: SP | B91: 22,August.-2024 | C91: NA | D91: 2400179 | E91: SP0163 | F91: Pamphlet-Mega-Q Soft Gelatin Capsule | G91: SP2400055 | H91: Catalent Pharma Solution GMBH | J91: 76780 | K91: 04/2024 | L91: 00.04.2024 | M91: 04/2026 | N91: 00.04.2026 | O91: NA | P91: NA | Q91: 27.08.2026 | U91: 5129 | V91: No. | Z91: =U91-W91 | AA91: =AC91+AH91+AK91+AN91+AQ91+AT91+AW91+AZ91+BC91+BF91+BI91+BL91+BO91 | AB91: 0 | AC91: =Z91-AD91-AE91-AB91 | AE91: 0
A92: TP | B92: 24.August.-2024 | C92: NA | D92: 2400185 | E92: TP0003 | F92: Outer Carton for FAS Chlorex L41x H 29 x W 30 cm | G92: TP2400004 | H92: Xiamen Nicest Paper Products Co., Ltd. | J92: 20240425-003 | K92: 25/04/2024 | L92: 25.04.2024 | M92: 25/04/2026 | N92: 25.04.2026 | O92: NA | P92: NA | Q92: 25.08.2026 | U92: 82 | V92: No. | Z92: =U92-W92 | AA92: =AC92+AH92+AK92+AN92+AQ92+AT92+AW92+AZ92+BC92+BF92+BI92+BL92+BO92 | AB92: 0 | AC92: =Z92-AD92-AE92-AB92 | AD92: 1 | AE92: 0 | AF92: 03.08.2025 | AG92: L25G007 | AH92: -7 | AI92: 03.08.2025 | AJ92: L25G006 | AK92: -75 | AL92: 07.08.2025 | AM92: R-L25G006 | AN92: 1
A93: SP | B93: 27.August.-2024 | C93: NA | D93: 2400187 | E93: SP0130 | F93: Box-Epasterin Soft Gelatin Capsule | G93: SP2400058 | H93: Catalent Italy S.P.A | J93: 24229601 | K93: 03/04/2024 | L93: 03.04.2024 | M93: 03/04/2026 | N93: 03.04.2026 | O93: NA | P93: NA | Q93: 28.08.2026 | U93: 3934 | V93: No. | Z93: =U93-W93 | AA93: =AC93+AH93+AK93+AN93+AQ93+AT93+AW93+AZ93+BC93+BF93+BI93+BL93+BO93 | AB93: 0 | AC93: =Z93-AD93-AE93-AB93 | AE93: 0
A94: RM | B94: 01.September.-2024 | C94: SSMC1102024 | D94: 2400188 | E94: RM0023 | F94: Solifenacin Succinate | G94: RM2400025 | H94: Megafine Pharma (P) Ltd | J94: SS2407019 | K94: 07/2024 | L94: 00.07.2024 | M94: 06/2029 | N94: 00.06.2029 | O94: NA | P94: NA | U94: 0.94 | V94: Kg. | Z94: =U94-W94 | AA94: =AC94+AH94+AK94+AN94+AQ94+AT94+AW94+AZ94+BC94+BF94+BI94+BL94+BO94 | AB94: 0 | AC94: =Z94-AD94-AE94-AB94 | AE94: 0
A95: RM | B95: 01.September.-2024 | C95: NA | D95: 2400189 | E95: RM0050 | F95: Copper Citrate | G95: RM2400026 | H95: Ambe NS Agro Products PVT. LTD. | J95: AMBAPC2428 | K95: 05/05/2024 | L95: 05.05.2024 | M95: 04/05/2026 | N95: 04.05.2026 | O95: NA | P95: NA | Q95: 04.05.2026 | U95: 0.98 | V95: Kg. | Z95: =U95-W95 | AA95: =AC95+AH95+AK95+AN95+AQ95+AT95+AW95+AZ95+BC95+BF95+BI95+BL95+BO95 | AB95: 0 | AC95: =Z95-AD95-AE95-AB95 | AE95: 0 | AF95: 09.11.2025 | AG95: C25K002 | AH95: -0.0758 | AI95: 10.11.2025 | AJ95: C25K003 | AK95: -0.0758
A96: PP | B96: 05.September.-2024 | C96: NA | D96: 2400196 | E96: PP0025 | F96: Aluminum Seal Disc PE-Coat -D: 24mm | G96: PP2400079 | H96: Propharm International S.R.L. | J96: 529997 | K96: 23.07.2024 | L96: 23.07.2024 | M96: 23.01.2026 | N96: 23.01.2026 | O96: NA | P96: NA | Q96: 10.09.2026 | U96: 294775 | V96: No. | Z96: =U96-W96 | AA96: =AC96+AH96+AK96+AN96+AQ96+AT96+AW96+AZ96+BC96+BF96+BI96+BL96+BO96 | AB96: 0 | AC96: =Z96-AD96-AE96-AB96 | AD96: 142599 | AE96: 0 | AF96: 24.07.2025 | AG96: 25IBP024 | AH96: -23750 | AI96: 29.07.2025 | AJ96: 25IBP025 | AK96: -23750 | AL96: 31.07.2025 | AM96: R-25IBP024 | AN96: 1100 | AO96: 04.08.2025 | AP96: 25IBP026 | AQ96: -31250 | AR96: 04.08.2025 | AS96: R-25IBP025 | AT96: 1250 | AU96: 13.08.2025 | AV96: R-25IBP026 | AW96: 1250 | AX96: 08.09.2025 | AY96: 25IBP029 | AZ96: -31570 | BA96: 11.09.2025 | BB96: 25IBP030 | BC96: -21465 | BD96: 24.09.2025 | BE96: R-25IBP029 | BF96: 1250 | BG96: 25.09.2025 | BH96: R-L25G001 | BI96: 813 | BJ96: 11.11.2025 2-01.01.2026 01.2.2026 | BK96: 16 26IBP001 26IBP002 MR260020 | BL96: =-(150+11231+15813+100) | BM96: 11.11.2025 07.01.2026 08.01.2026 | BN96: 16 R R-26IBP001 R-26IBP002 | BO96: =(130+710+400)
A97: SP | B97: 05.September.-2024 | C97: NA | D97: 2400201 | E97: SP0164 | F97: Box-FAS-CEL Oxidised Regenerated Cellulose Absorbable Hemostat Fibril-Ref. No.: FAS35F | G97: SP2400060 | H97: Xiamen Nicest Paper Products Co., Ltd. | J97: 20240425-006 | K97: 06/2024 | L97: 00.06.2024 | M97: 06/2027 | N97: 00.06.2027 | O97: NA | P97: NA | Q97: 01.07.2026 | U97: 374 | V97: No. | Z97: =U97-W97 | AA97: =AC97+AH97+AK97+AN97+AQ97+AT97+AW97+AZ97+BC97+BF97+BI97+BL97+BO97 | AB97: 0 | AC97: =Z97-AD97-AE97-AB97 | AE97: 0 | AF97: 22.06.2025 | AG97: OR2025235 | AH97: -22 | AI97: 11.11.2025 | AK97: -103 | AL97: 12.01.2026 | AM97: 0009/2026 | AN97: -105
A98: SP | B98: 05.September.-2024 | C98: NA | D98: 2400203 | E98: SP0166 | F98: Box-FAS-CEL Oxidised Regenerated Cellulose Absorbable Hemostat Fibril-Ref. No.: FAS34F | G98: SP2400062 | H98: Xiamen Nicest Paper Products Co., Ltd. | J98: 20240425-011 | K98: 06/2024 | L98: 00.06.2024 | M98: 06/2027 | N98: 00.06.2027 | O98: NA | P98: NA | Q98: 01.07.2026 | U98: 279 | V98: No. | Z98: =U98-W98 | AA98: =AC98+AH98+AK98+AN98+AQ98+AT98+AW98+AZ98+BC98+BF98+BI98+BL98+BO98 | AB98: 0 | AC98: =Z98-AD98-AE98-AB98 | AE98: 0 | AF98: 09.12.2025 | AG98: OR2025603 | AH98: -155 | AI98: 14.01.2026 | AJ98: 0011/2026 | AK98: -105 | AL98: 23.02.2026 | AM98: OR2026024 | AN98: -19
A99: SP | B99: 05.September.-2024 | C99: NA | D99: 2400204 | E99: SP0167 | F99: Box-FAS-CEL Oxidised Regenerated Cellulose Absorbable Hemostat Knit-Ref. No.: FAS42K | G99: SP2400063 | H99: Xiamen Nicest Paper Products Co., Ltd. | J99: 20240425-005 | K99: 06/2024 | L99: 00.06.2024 | M99: 06/2027 | N99: 00.06.2027 | O99: NA | P99: NA | Q99: 01.07.2026 | U99: 434 | V99: No. | Z99: 438 | AA99: =AC99+AH99+AK99+AN99+AQ99+AT99+AW99+AZ99+BC99+BF99+BI99+BL99+BO99 | AB99: 0 | AC99: =Z99-AD99-AE99-AB99 | AE99: 0 | AF99: 11.11.2025 | AH99: -55
A100: SP | B100: 05.September.-2024 | C100: NA | D100: 2400205 | E100: SP0168 | F100: Box-FAS-CEL Oxidised Regenerated Cellulose Absorbable Hemostat Non-Woven-Ref. No.: FAS26N | G100: SP2400064 | H100: Xiamen Nicest Paper Products Co., Ltd. | J100: 20240425-012 | K100: 06/2024 | L100: 00.06.2024 | M100: 06/2027 | N100: 00.06.2027 | O100: NA | P100: NA | Q100: 01.07.2026 | U100: 463 | V100: No. | Z100: =U100-W100 | AA100: =AC100+AH100+AK100+AN100+AQ100+AT100+AW100+AZ100+BC100+BF100+BI100+BL100+BO100 | AB100: 0 | AC100: =Z100-AD100-AE100-AB100 | AE100: 0 | AF100: 28.08.2025 | AG100: OR2025273 | AH100: -52 | AI100: 11.11.2025 | AJ100: MD | AK100: -59 | AL100: 18.11.2025 | AM100: MR250235 | AN100: -3 | AQ100: -1 | AR100: 14.01.2026 | AS100: 0013/2026 | AT100: -205
...

Sheet Off -Records
A1: Item Category | B1: Rece. Date | C1: PO No. | D1: Doc. No. | E1: Item Code | F1: Item Name | G1: Control No. | H1: Manufacturer Name | I1: Supplier | J1: Supp. Lot No | K1: Mfg. Date | L1: Exp. Date | M1: Retest Date | N1: No. of packs | O1: Qty per packs | P1: Loose Pack | Q1: Received Qty | R1: Unit | S1: Sample Qty | T1: Date | U1: Remarks | V1: Beg. Balance | W1: Current released | X1: Quarantine | Y1: Unrestricted | Z1: Restricted | AA1: Rejected | AB1: Date (1) | AC1: Doc No. (1) | AD1: Qty (1) | AE1: Date (2) | AF1: Doc No. (2) | AG1: Qty (2) | AH1: Date (3) | AI1: Doc No. (3) | AJ1: Qty (3) | AK1: Date (4) | AL1: Doc No. (4) | AM1: Qty (4) | AN1: Date (5) | AO1: Doc No. (5) | AP1: Qty (5) | AQ1: Date (6) | AR1: Doc No. (6) | AS1: Qty (6) | AT1: Date (7) | AU1: Doc No. (7) | AV1: Qty (7) | AW1: Date (8) | AX1: Doc No. (8) | AY1: Qty (8) | AZ1: Date (9) | BA1: Doc No. (9) | BB1: Qty (9) | BC1: Date (10) | BD1: Doc No. (10) | BE1: Qty (10) | BF1: Date (11) | BG1: Doc No. (11) | BH1: Qty (11) | BI1: Date (12) | BJ1: Doc No. (12) | BK1: Qty (12)
A2: Bulk | B2: 19.09.2024 | C2: NA | D2: 2400229 | E2: RM0041 | F2: Chlorhexidine Gluconate 20% Solution | G2: RM2400027 | H2: Basic Pharma Life Science Pvt. Ltd. | J2: 23BPLS/CHG090 | K2: 07/2023 | L2: 06/2026 | M2: NA | Q2: 98 | R2: Kg. | V2: 98 | W2: =Y2+AD2+AG2+AJ2+AM2+AP2 | X2: 0 | Y2: 98 | AA2: 0 | AC2: L25F006 | AD2: -26 | AE2: 28.07.2025 | AF2: L25G014 | AG2: -28.8 | AH2: 29.07.2025 | AI2: L25G015 | AJ2: -19.8 | AK2: 30.07.2025 | AL2: L25G016 | AM2: -19.8 | AN2: 17.09.2025 | AP2: -3.6
A3: Bulk | B3: 04.08.2025 | E3: RM0041 | F3: Chlorhexidine Gluconate 20% Solution | G3: N/A (S. lot No. CGN2024053) | H3: Alam Al-Saydalah | J3: CGN2024053 | K3: 05/2024 | L3: 05/2027 | M3: NA | Q3: 200 | R3: Kg. | U3: Assay 17.97%. | V3: =Q3-S3 | W3: =Y3+AD3+AG3+AJ3+AM3+AP3+AS3+AV3+AY3+BB3+BE3+BH3+BK3 | X3: 0 | Y3: =V3-X3-Z3-AA3 | AA3: 0 | AB3: 17.08.2025 | AC3: L25H009 | AD3: =-(24.5+3.2) | AE3: 18.08.2025 | AF3: L25H012 | AG3: -28 | AH3: 20.08.2025 | AI3: L25H013 | AJ3: -28 | AK3: 14.09.2025 | AL3: L25I004 | AM3: -28.1 | AN3: 17.09.2025 | AO3: L25I007 | AP3: -28.9 | AQ3: 17.09.2025 | AR3: L25I008 | AS3: -28.9 | AT3: 07.10.2025 | AU3: L25J002 | AV3: -29.1 | AY3: 0
A4: Bulk | B4: 30.10.2025 | E4: RM0041 | F4: Chlorhexidine Gluconate 20% Solution | G4: N/A (S. lot No. CHGA103525) | H4: Alam Al-Saydalah | J4: CHGA103525 | K4: 07/2024 | L4: 06/2027 | M4: NA | Q4: 220 | R4: Kg. | U4: Assay 18.83%. | V4: =Q4-S4 | W4: =Y4+AD4+AG4+AJ4+AM4+AP4+AS4+AV4+AY4+BB4+BE4+BH4+BK4 | X4: 0 | Y4: =V4-X4-Z4-AA4 | AA4: 0 | AB4: 02.11.2025 | AC4: L25K003 | AD4: -16.16 | AE4: 03.11.2025 | AF4: MR | AG4: -0.7 | AH4: 16.11.2025 | AI4: L25K006 | AJ4: -10.5 | AK4: 23.11.2025 | AL4: L25K009 | AM4: -17.5 | AN4: 28.12.2025 | AO4: L25L009 | AP4: -23.1 | AQ4: 06.01.2026 | AR4: L26A003 | AS4: -23.1 | AT4: 18.02.2026 | AU4: L26B005 | AV4: -17.5
Q5: 0 | R5: Kg. | S5: 0 | V5: =Q5-S5 | W5: =Y5+AD5+AG5+AJ5+AM5+AP5+AS5+AV5+AY5+BB5+BE5+BH5+BK5 | X5: 0 | Y5: =V5-X5-Z5-AA5 | Z5: 0 | AA5: 0 | AD5: 0 | AG5: 0 | AJ5: 0 | AM5: 0 | AP5: 0 | AS5: 0 | AV5: 0 | AY5: 0 | BB5: 0 | BE5: 0 | BH5: 0 | BK5: 0
Q6: 0 | R6: Kg. | S6: 0 | V6: =Q6-S6 | W6: =Y6+AD6+AG6+AJ6+AM6+AP6+AS6+AV6+AY6+BB6+BE6+BH6+BK6 | X6: 0 | Y6: =V6-X6-Z6-AA6 | Z6: 0 | AA6: 0 | AD6: 0 | AG6: 0 | AJ6: 0 | AM6: 0 | AP6: 0 | AS6: 0 | AV6: 0 | AY6: 0 | BB6: 0 | BE6: 0 | BH6: 0 | BK6: 0
Q7: 0 | R7: Kg. | S7: 0 | V7: =Q7-S7 | W7: =Y7+AD7+AG7+AJ7+AM7+AP7+AS7+AV7+AY7+BB7+BE7+BH7+BK7 | X7: 0 | Y7: =V7-X7-Z7-AA7 | Z7: 0 | AA7: 0 | AD7: 0 | AG7: 0 | AJ7: 0 | AM7: 0 | AP7: 0 | AS7: 0 | AV7: 0 | AY7: 0 | BB7: 0 | BE7: 0 | BH7: 0 | BK7: 0
Q8: 0 | R8: Kg. | S8: 0 | V8: =Q8-S8 | W8: =Y8+AD8+AG8+AJ8+AM8+AP8+AS8+AV8+AY8+BB8+BE8+BH8+BK8 | X8: 0 | Y8: =V8-X8-Z8-AA8 | Z8: 0 | AA8: 0 | AD8: 0 | AG8: 0 | AJ8: 0 | AM8: 0 | AP8: 0 | AS8: 0 | AV8: 0 | AY8: 0 | BB8: 0 | BE8: 0 | BH8: 0 | BK8: 0
Q9: 0 | R9: Kg. | S9: 0 | V9: =Q9-S9 | W9: =Y9+AD9+AG9+AJ9+AM9+AP9+AS9+AV9+AY9+BB9+BE9+BH9+BK9 | X9: 0 | Y9: =V9-X9-Z9-AA9 | Z9: 0 | AA9: 0 | AD9: 0 | AG9: 0 | AJ9: 0 | AM9: 0 | AP9: 0 | AS9: 0 | AV9: 0 | AY9: 0 | BB9: 0 | BE9: 0 | BH9: 0 | BK9: 0
Q10: 0 | R10: Kg. | S10: 0 | V10: =Q10-S10 | W10: =Y10+AD10+AG10+AJ10+AM10+AP10+AS10+AV10+AY10+BB10+BE10+BH10+BK10 | X10: 0 | Y10: =V10-X10-Z10-AA10 | Z10: 0 | AA10: 0 | AD10: 0 | AG10: 0 | AJ10: 0 | AM10: 0 | AP10: 0 | AS10: 0 | AV10: 0 | AY10: 0 | BB10: 0 | BE10: 0 | BH10: 0 | BK10: 0
Q11: 0 | R11: Kg. | S11: 0 | V11: =Q11-S11 | W11: =Y11+AD11+AG11+AJ11+AM11+AP11+AS11+AV11+AY11+BB11+BE11+BH11+BK11 | X11: 0 | Y11: =V11-X11-Z11-AA11 | Z11: 0 | AA11: 0 | AD11: 0 | AG11: 0 | AJ11: 0 | AM11: 0 | AP11: 0 | AS11: 0 | AV11: 0 | AY11: 0 | BB11: 0 | BE11: 0 | BH11: 0 | BK11: 0
Q12: 0 | R12: Kg. | S12: 0 | V12: =Q12-S12 | W12: =Y12+AD12+AG12+AJ12+AM12+AP12+AS12+AV12+AY12+BB12+BE12+BH12+BK12 | X12: 0 | Y12: =V12-X12-Z12-AA12 | Z12: 0 | AA12: 0 | AD12: 0 | AG12: 0 | AJ12: 0 | AM12: 0 | AP12: 0 | AS12: 0 | AV12: 0 | AY12: 0 | BB12: 0 | BE12: 0 | BH12: 0 | BK12: 0
Q13: 0 | R13: Kg. | S13: 0 | V13: =Q13-S13 | W13: =Y13+AD13+AG13+AJ13+AM13+AP13+AS13+AV13+AY13+BB13+BE13+BH13+BK13 | X13: 0 | Y13: =V13-X13-Z13-AA13 | Z13: 0 | AA13: 0 | AD13: 0 | AG13: 0 | AJ13: 0 | AM13: 0 | AP13: 0 | AS13: 0 | AV13: 0 | AY13: 0 | BB13: 0 | BE13: 0 | BH13: 0 | BK13: 0
Q14: 0 | R14: Kg. | S14: 0 | V14: =Q14-S14 | W14: =Y14+AD14+AG14+AJ14+AM14+AP14+AS14+AV14+AY14+BB14+BE14+BH14+BK14 | X14: 0 | Y14: =V14-X14-Z14-AA14 | Z14: 0 | AA14: 0 | AD14: 0 | AG14: 0 | AJ14: 0 | AM14: 0 | AP14: 0 | AS14: 0 | AV14: 0 | AY14: 0 | BB14: 0 | BE14: 0 | BH14: 0 | BK14: 0
Q15: 0 | R15: Kg. | S15: 0 | V15: =Q15-S15 | W15: =Y15+AD15+AG15+AJ15+AM15+AP15+AS15+AV15+AY15+BB15+BE15+BH15+BK15 | X15: 0 | Y15: =V15-X15-Z15-AA15 | Z15: 0 | AA15: 0 | AD15: 0 | AG15: 0 | AJ15: 0 | AM15: 0 | AP15: 0 | AS15: 0 | AV15: 0 | AY15: 0 | BB15: 0 | BE15: 0 | BH15: 0 | BK15: 0
Q16: 0 | R16: Kg. | S16: 0 | V16: =Q16-S16 | W16: =Y16+AD16+AG16+AJ16+AM16+AP16+AS16+AV16+AY16+BB16+BE16+BH16+BK16 | X16: 0 | Y16: =V16-X16-Z16-AA16 | Z16: 0 | AA16: 0 | AD16: 0 | AG16: 0 | AJ16: 0 | AM16: 0 | AP16: 0 | AS16: 0 | AV16: 0 | AY16: 0 | BB16: 0 | BE16: 0 | BH16: 0 | BK16: 0
... Q109: 0 | R109: Kg. | S109: 0 | V109: =Q109-S109 | W109: =Y109+AD109+AG109+AJ109+AM109+AP109+AS109+AV109+AY109+BB109+BE109+BH109+BK109 | X109: 0 | Y109: =V109-X109-Z109-AA109 | Z109: 0 | AA109: 0 | AD109: 0 | AG109: 0 | AJ109: 0 | AM109: 0 | AP109: 0 | AS109: 0 | AV109: 0 | AY109: 0 | BB109: 0 | BE109: 0 | BH109: 0 | BK109: 0

Sheet Inner & Assembled
A1: Item Category | B1: Rec. Date | C1: Doc. No. | D1: Item Code | E1: Batch No. | F1: Item Name | G1: MFG. D. | H1: Exp. D. | I1: Remark | J1: Received QTY | K1: Sampled Qty | L1: Bigening Qty | M1: Unit | N1: Total stock Qty | O1: Current Released | P1: Quarantine | Q1: Released | R1: Restricted | S1: Reject | T1: Date (1) | U1: Doc No. (1) | V1: Qty (1) | W1: Date (2) | X1: Doc No. (2) | Y1: Qty (2) | Z1: Date (3) | AA1: Doc No. (3) | AB1: Qty (3) | AC1: Date (4) | AD1: Doc No. (4) | AE1: Qty (4) | AF1: Date (5) | AG1: Doc No. (5) | AH1: Qty (5) | AI1: Date (6) | AJ1: Doc No. (6) | AK1: Qty (6) | AL1: Date (7) | AM1: Doc No. (7) | AN1: Qty (7) | AO1: Date (8) | AP1: Doc No. (8) | AQ1: Qty (8) | AR1: Date (9) | AS1: Doc No. (9) | AT1: Qty (9) | AU1: Date (10) | AV1: Doc No. (10) | AW1: Qty (10) | AX1: Date (11) | AY1: Doc No. (11) | AZ1: Qty (11) | BA1: Date (12) | BB1: Doc No. (12) | BC1: Qty (12)
A2: Inner | D2: BP0014 | E2: 25IBP009 | F2: Inner filled tube 100*18mm FAS Chlorex 2% | G2: 45748 | H2: 46844 | J2: 96 | L2: =J2-K2 | M2: No. | N2: =P2+Q2+R2+S2 | O2: =Q2+V2+Y2+AB2+AE2+AH2+AK2+AN2+AQ2+AT2+AW2+AZ2+BC2 | Q2: =L2-S2-R2-P2 | T2: 11.11.2025 | U2: 19 | V2: -10 | W2: 11.11.2025 | X2: 20 | Y2: -10
A3: Inner | D3: BP0014 | E3: 25IBP013 | F3: Inner filled tube 100*18mm FAS Chlorex 2% | G3: 45778 | H3: 46874 | J3: 55100 | L3: =J3-K3 | M3: No. | N3: =P3+Q3+R3+S3 | O3: =Q3+V3+Y3+AB3+AE3+AH3+AK3+AN3+AQ3+AT3+AW3+AZ3+BC3 | Q3: =L3-S3-R3-P3 | T3: 29.06.2025 | U3: L25F007 | V3: -55100 | W3: 14.07.2025 | X3: R-L25F007 | Y3: 137
A4: Inner | D4: BP0016 | E4: 24IBP019 | F4: Inner filled tube-FAS Chlorex 2% Sterile Solution-118X23mm | G4: 45474 | H4: 46569 | J4: 12345 | L4: =J4-K4 | M4: No. | N4: =P4+Q4+R4+S4 | O4: =Q4+V4+Y4+AB4+AE4+AH4+AK4+AN4+AQ4+AT4+AW4+AZ4+BC4 | Q4: =L4-S4-R4-P4 | T4: 20.07.2025 | U4: L25G007 | V4: -12345 | W4: 23.07.2025 | X4: R-L25G007 | Y4: 93 | Z4: 11.11.2025 | AA4: 27 | AB4: -10 | AC4: 11.11.2025 | AD4: 26 | AE4: -10
A5: Inner | B5: 03.08.2025 | C5: 944 | D5: BP0016 | E5: 25IBP024 | F5: Inner filled tube-FAS Chlorex 2% Sterile Solution-118X23mm | G5: 45839 | H5: 46935 | J5: 22850 | L5: 22850 | M5: No. | N5: 22850 | O5: =Q5+V5+Y5+AB5+AE5+AH5+AK5+AN5+AQ5+AT5+AW5+AZ5+BC5 | Q5: 22850 | T5: 03.08.2025 | U5: L25G012 | V5: -22850 | W5: 17.08.2025 | X5: R-L25G012 | Y5: 21
A6: Inner | D6: BP0017 | E6: 25IBP011 | F6: Inner filled tube 81*15mm FAS Chlorex 2% | G6: 45748 | H6: 46844 | J6: 29440 | L6: =J6-K6 | M6: No. | N6: =P6+Q6+R6+S6 | O6: =Q6+V6+Y6+AB6+AE6+AH6+AK6+AN6+AQ6+AT6+AW6+AZ6+BC6 | Q6: =L6-S6-R6-P6 | T6: 19.06.2025 | U6: L25F003 | V6: -6000 | W6: 22.06.2025 | X6: L25F003 | Y6: 151 | Z6: 22.07.2025 | AA6: L25G0008 | AB6: -10500 | AC6: 24.07.2025 | AD6: L25G010 | AE6: -6000 | AF6: 29.07.2025 | AG6: R-L25G010 | AH6: 20 | AI6: 28.07.2025 | AJ6: L25G013 | AK6: -7091 | AL6: 11.11.2025 | AM6: 13 | AN6: -10
A7: Inner | D7: BP0017 | E7: 25IBP006 | F7: Inner filled tube 81*15mm FAS Chlorex 2% | G7: 45689 | H7: 46784 | J7: 33500 | L7: =J7-K7 | M7: No. | N7: =P7+Q7+R7+S7 | O7: =Q7+V7+Y7+AB7+AE7+AH7+AK7+AN7+AQ7+AT7+AW7+AZ7+BC7 | Q7: =L7-S7-R7-P7 | T7: 26-05-2025 | U7: L25006 | V7: -33500 | W7: 04.06.2025 | X7: R-L25006 | Y7: 233
A8: Inner | B8: 09.07.2025 | C8: 890 | D8: BP0039 | E8: 25IBP022 | F8: FAS CHLOREX 1% INNER FILLED TUBE 77*11MM 3ML Tecnomaco | G8: 45839 | H8: 46935 | J8: 26550 | L8: 26550 | M8: No. | N8: 26550 | O8: =Q8+V8+Y8+AB8+AE8+AH8+AK8+AN8+AQ8+AT8+AW8+AZ8+BC8 | Q8: 26550 | T8: 15.07.2025 | U8: L25G005 | V8: -26550 | W8: 18.08.2025 | X8: R-L25G005 | Y8: 164
A9: Inner | D9: BP0039 | E9: 25IBP012 | F9: FAS CHLOREX 1% INNER FILLED TUBE 77*81MM 3ML Tecnomaco | G9: 45748 | H9: 46844 | J9: 825 | L9: =J9-K9 | M9: No. | N9: =P9+Q9+R9+S9 | O9: =Q9+V9+Y9+AB9+AE9+AH9+AK9+AN9+AQ9+AT9+AW9+AZ9+BC9 | Q9: =L9-S9-R9-P9 | V9: 0 | Y9: 0
A10: Inner | B10: 06.07.2025 | C10: 882 | D10: BP0049 | E10: 25IBP021 | F10: FAS CHLOREX 1% INNER FILLED TUBE 81*15MM 6ML OMAS | G10: 45839 | H10: 46935 | J10: 6550 | L10: 6550 | M10: No. | N10: 6550 | O10: =Q10+V10+Y10+AB10+AE10+AH10+AK10+AN10+AQ10+AT10+AW10+AZ10+BC10 | Q10: 6550 | T10: 10.07.2025 | U10: L25G004 | V10: -6550 | W10: 10.08.2025 | X10: R-L25G004 | Y10: 74
A11: Assambled | B11: 10.09.2025 | C11: 1034 | D11: PP0039 | E11: 25IPP021 | F11: Assembled Outer Tube (155*23mm) for OMAS applicator clear | G11: 45901 | H11: 45992 | J11: 15004 | L11: =J11-K11 | M11: No. | N11: =P11+Q11+R11+S11 | O11: =Q11+V11+Y11+AB11+AE11+AH11+AK11+AN11+AQ11+AT11+AW11+AZ11+BC11 | Q11: =L11-S11-R11-P11 | S11: 59 | T11: 11.09.2025 | U11: L25I003 | V11: -11754 | W11: 14.09.2025 | X11: MR250168 | Y11: -260 | Z11: 22.09.2025 | AA11: L25I010 | AB11: -2990 | AC11: 22.09.2025 | AD11: R-L25I003 | AE11: 79 | AF11: 11.11.2025 | AG11: 26 | AH11: -10 | AI11: 11.11.2025 | AJ11: 16 | AK11: -10
A12: Assambled | B12: 24.09.2025 | C12: 1059 | D12: PP0039 | E12: 25IPP023 | F12: Assembled Outer Tube (155*23mm) for OMAS applicator clear | G12: 45925 | H12: 46016 | J12: 15116 | L12: =J12-K12 | M12: No. | N12: =P12+Q12+R12+S12 | O12: =Q12+V12+Y12+AB12+AE12+AH12+AK12+AN12+AQ12+AT12+AW12+AZ12+BC12 | Q12: =L12-S12-R12-P12 | S12: 2674 | T12: 24.09.2025 | U12: L25I010 | V12: -11996 | W12: 28.09.2025 | X12: MR250184 | Y12: -520 | Z12: 29.09.2025 | AA12: L25I010 | AB12: 74
A13: Inner | B13: 19.10.2025 | C13: 1112 | D13: BP0047 | E13: 25IBP032 | F13: FAS CHLOREX 2% Inner filled tube 1ml technomaco | G13: 45931 | H13: 47027 | J13: 29750 | L13: =J13-K13 | M13: No. | N13: =P13+Q13+R13+S13 | O13: =Q13+V13+Y13+AB13+AE13+AH13+AK13+AN13+AQ13+AT13+AW13+AZ13+BC13 | Q13: =L13-S13-R13-P13 | T13: 27.10.2025 | U13: L25J013 | V13: -20000 | W13: 11.11.2025 | X13: 39 | Y13: -20 | Z13: 23.02.2026 | AA13: L26B010 | AB13: -3730 | AE13: 0 | AH13: 0
A14: Assambled | B14: 23.10.2025 | C14: 1127 | D14: PP0038 | E14: 25IPP029 | F14: Assembled Outer Tube 128*18mm clear | G14: 45931 | H14: 46388 | J14: 13981 | L14: =J14-K14 | M14: No. | N14: =P14+Q14+R14+S14 | O14: =Q14+V14+Y14+AB14+AE14+AH14+AK14+AN14+AQ14+AT14+AW14+AZ14+BC14 | Q14: =L14-S14-R14-P14 | T14: 11.11.2025 | U14: 16 | V14: -10 | W14: 24.12.2025 | X14: 67 | Y14: -641 | Z14: 29.12.2025 | AA14: R-0067 | AB14: 418 | AC14: 07.01.2026 | AD14: L26A005 | AE14: -3670 | AF14: 07.01.2026 | AG14: L25A004 | AH14: -3638 | AI14: 12.01.2026 | AJ14: MR26007/8 | AK14: =-(230+230) | AL14: 15.01.2026 | AM14: R-L26A004 | AN14: 116
A15: Assambled | B15: 30.10.2025 | C15: 1145 | D15: PP0054 | E15: 25IPP030 | F15: Assembled Outer Tube 128*18mm Tinted | G15: 45931 | H15: 46419 | J15: 25693 | L15: =J15-K15 | M15: No. | N15: =P15+Q15+R15+S15 | O15: =Q15+V15+Y15+AB15+AE15+AH15+AK15+AN15+AQ15+AT15+AW15+AZ15+BC15 | Q15: =L15-S15-R15-P15 | T15: 11.11.2025 | U15: 19 | V15: -10 | W15: 11.11.2025 | X15: 20 | Y15: -10 | Z15: 10.02.2026 | AA15: L26B003 | AB15: -15333 | AC15: 16.02.2026 | AD15: R-L26B003 | AE15: 187
A16: Assambled | B16: 04.11.2025 | C16: 1153 | D16: PP0038 | E16: 25IPP031 | F16: Assembled Outer Tube 128*18mm clear | G16: 45931 | H16: 46419 | J16: 19995 | L16: =J16-K16 | M16: No. | N16: =P16+Q16+R16+S16 | O16: =Q16+V16+Y16+AB16+AE16+AH16+AK16+AN16+AQ16+AT16+AW16+AZ16+BC16 | Q16: =L16-S16-R16-P16 | T16: 03.12.2025 | U16: MR250249 | V16: -20
A17: Soln | B17: 24.12.2025 | C17: 1348 | D17: BP0067 | E17: 25IBP047 | F17: FAS IODO Soln. 1% | G17: 24.12.2025 | H17: 27.12.2025 | J17: 4.1 | L17: =J17-K17 | M17: kg | N17: =P17+Q17+R17+S17 | O17: =Q17+V17+Y17+AB17+AE17+AH17+AK17+AN17+AQ17+AT17+AW17+AZ17+BC17 | Q17: =L17-S17-R17-P17 | S17: 1.49 | T17: 25.12.2025 | U17: L25L004 | V17: -4.1 | W17: 28.12.2025 | X17: 67 | Y17: 1.55 | Z17: 25.01.2026 | AA17: MR260015 | AB17: -0.06 | AC17: 24.02.2026 | AD17: MR260039 | AE17: -0.06
A18: Inner | B18: 30.12.2025 | C18: 1358 | D18: BP0047 | E18: 25IBP045 | F18: FAS CHLOREX 2% Inner filled tube 1ml technomaco | G18: 45992 | H18: 47088 | J18: 31150 | L18: =J18-K18 | M18: No. | N18: =P18+Q18+R18+S18 | O18: =Q18+V18+Y18+AB18+AE18+AH18+AK18+AN18+AQ18+AT18+AW18+AZ18+BC18 | Q18: =L18-S18-R18-P18 | T18: 31.12.2025 | U18: L25L006 | V18: -25150
A19: Inner | B19: 05.01.2026 | C19: 1370 | D19: BP0048 | E19: 25IBP050 | F19: FAS CHLOREX 2% Inner filled tube 81*15MM 6ML | G19: 45992 | H19: 47088 | J19: 3665 | L19: =J19-K19 | M19: No. | N19: =P19+Q19+R19+S19 | O19: =Q19+V19+Y19+AB19+AE19+AH19+AK19+AN19+AQ19+AT19+AW19+AZ19+BC19 | Q19: =L19-S19-R19-P19
A20: Assambled | B20: 01.01.2026 | C20: 1365 | D20: PP0050 | E20: 25IPP036 | F20: Assembled outer tube (155*23mm) tinted | G20: 45992 | H20: 46204 | J20: 12480 | L20: =J20-K20 | M20: No. | N20: =P20+Q20+R20+S20 | O20: =Q20+V20+Y20+AB20+AE20+AH20+AK20+AN20+AQ20+AT20+AW20+AZ20+BC20 | Q20: =L20-S20-R20-P20 | T20: 01.01.2026 | U20: L26A001 | V20: -2990 | W20: 15.01.2026 | X20: L26A010 | Y20: -3770 | Z20: 01.02.2026 | AA20: L26A015 | AB20: -2210 | AC20: 18.01.2026 | AD20: 1386 | AE20: 16759 | AF20: 23.02.2026 | AG20: L26B008 | AH20: -8580
A21: Assambled | B21: 21.12.2025 | C21: 1343 | D21: PP0053 | E21: 25IPP034 | F21: Assembled outer tube 105*15mm for OMAS - Tinted | G21: 45992 | H21: 46478 | J21: 28085 | L21: 28085 | M21: No. | N21: 28085 | O21: =Q21+V21+Y21+AB21+AE21+AH21+AK21+AN21+AQ21+AT21+AW21+AZ21+BC21 | Q21: 28085 | T21: 21.12.2025 | U21: L25L003 | V21: -21808 | W21: 25.12.2025 | X21: R-L25L003 | Y21: 1059 | Z21: 07.01.2026 | AA21: L26A006 | AB21: -3477 | AC21: 11.01.2026 | AD21: R-L26A006 | AE21: 172 | AF21: 15.01.2026 | AG21: L26A009 | AH21: -4031 | AI21: 21.01.2026 | AJ21: R-L26A009 | AK21: 111
A22: Assambled | B22: 29.01.2026 | C22: 1489 | D22: PP0039 | E22: 26IPP003 | F22: Assembled outer tube (155*23mm) Clear | G22: 46023 | H22: 46266 | J22: 4266 | L22: =J22-K22 | M22: No. | N22: =P22+Q22+R22+S22 | O22: =Q22+V22+Y22+AB22+AE22+AH22+AK22+AN22+AQ22+AT22+AW22+AZ22+BC22 | Q22: =L22-S22-R22-P22
A23: Assambled | B23: 29.01.2026 | C23: 1488 | D23: PP0039 | E23: 26IPP003 | F23: Assembled outer tube (155*23mm) Clear | G23: 46023 | H23: 46266 | J23: 20800 | L23: =J23-K23 | M23: No. | N23: =P23+Q23+R23+S23 | O23: =Q23+V23+Y23+AB23+AE23+AH23+AK23+AN23+AQ23+AT23+AW23+AZ23+BC23 | Q23: =L23-S23-R23-P23
A24: Assambled | B24: 03.02.2026 | C24: 1508 | D24: PP0037 | E24: 26IPP005 | F24: Assembled outer tube (105*15mm) Clear | G24: 46054 | H24: 46508 | J24: 13600 | L24: 13600 | M24: No. | N24: 13600 | O24: =Q24+V24+Y24+AB24+AE24+AH24+AK24+AN24+AQ24+AT24+AW24+AZ24+BC24 | Q24: 13600 | T24: 03.02.2026 | U24: L26B002 | V24: -13600 | W24: 04.02.2026 | X24: R-L26B001 | Y24: 147 | Z24: 16.02.2026 | AA24: L26B004 | AB24: -147
A25: Inner | B25: 05.02.2026 | C25: 1520 | D25: BP0016 | E25: 26IBP007 | F25: FAS Chlorex 2% Inner Filled 118*23mm OMAS Sub-Batch 2 | G25: 46054 | H25: 47150 | J25: 9000 | L25: =J25-K25 | M25: No. | N25: =P25+Q25+R25+S25 | O25: =Q25+V25+Y25+AB25+AE25+AH25+AK25+AN25+AQ25+AT25+AW25+AZ25+BC25 | Q25: =L25-S25-R25-P25 | T25: 05.02.2026 | U25: L26A016 | V25: -9000
A26: Assambled | B26: 05.02.2026 | C26: 1519 | D26: PP0037 | E26: 26IPP005 | F26: Assembled outer tube (105*15mm) Clear | G26: 46054 | H26: 46508 | J26: 13431 | L26: =J26-K26 | M26: No. | N26: =P26+Q26+R26+S26 | O26: =Q26+V26+Y26+AB26+AE26+AH26+AK26+AN26+AQ26+AT26+AW26+AZ26+BC26 | Q26: =L26-S26-R26-P26 | T26: 05.02.2026 | U26: R-L26B002 | V26: 365 | W26: 16.02.2026 | X26: L26B004 | Y26: -13796
A27: Inner | B27: 08.02.2026 | C27: 1521 | D27: BP0016 | E27: 26IBP007 | F27: FAS Chlorex 2% Inner Filled 118*23mm OMAS Sub-Batch 2 | G27: 46054 | H27: 47150 | J27: 5000 | L27: =J27-K27 | M27: No. | N27: =P27+Q27+R27+S27 | O27: =Q27+V27+Y27+AB27+AE27+AH27+AK27+AN27+AQ27+AT27+AW27+AZ27+BC27 | Q27: =L27-S27-R27-P27 | T27: 08.02.2026 | U27: L26A016 | V27: -5000
A28: Inner | B28: 09.02.2026 | C28: 1523 | D28: BP0016 | E28: 26IBP007 | F28: FAS Chlorex 2% Inner Filled 118*23mm OMAS Sub-Batch 2 | G28: 46054 | H28: 47150 | J28: 7000 | L28: =J28-K28 | M28: No. | N28: =P28+Q28+R28+S28 | O28: =Q28+V28+Y28+AB28+AE28+AH28+AK28+AN28+AQ28+AT28+AW28+AZ28+BC28 | Q28: =L28-S28-R28-P28 | T28: 09.02.2026 | U28: L26A015 | V28: -7000
A29: Inner | B29: 10.02.2026 | C29: 1525 | D29: BP0016 | E29: 26IBP007 | F29: FAS Chlorex 2% Inner Filled 118*23mm OMAS Sub-Batch 2 | G29: 46054 | H29: 47150 | J29: 7500 | L29: =J29-K29 | M29: No. | N29: =P29+Q29+R29+S29 | O29: =Q29+V29+Y29+AB29+AE29+AH29+AK29+AN29+AQ29+AT29+AW29+AZ29+BC29 | Q29: =L29-S29-R29-P29 | T29: 10.02.2026 | U29: L26A015 | V29: -7500
A30: Assambled | B30: 10.02.2026 | C30: 1528 | D30: PP0050 | E30: 26IPP004 | F30: Assembled outer tube (155*23mm) tinted | G30: 46054 | H30: 46357 | J30: 20800 | L30: =J30-K30 | M30: No. | N30: =P30+Q30+R30+S30 | O30: =Q30+V30+Y30+AB30+AE30+AH30+AK30+AN30+AQ30+AT30+AW30+AZ30+BC30 | Q30: =L30-S30-R30-P30 | T30: 10.02.2026 | U30: 1529 | V30: 4608
A31: Inner | B31: 11.02.2026 | C31: 1532 | D31: BP0016 | E31: 26IBP007 | F31: FAS Chlorex 2% Inner Filled 118*23mm OMAS Sub-Batch 2 | G31: 46054 | H31: 47150 | J31: 8400 | L31: =J31-K31 | M31: No. | N31: =P31+Q31+R31+S31 | O31: =Q31+V31+Y31+AB31+AE31+AH31+AK31+AN31+AQ31+AT31+AW31+AZ31+BC31 | Q31: =L31-S31-R31-P31 | T31: 11.02.2026 | U31: L26A015 | V31: -8400
A32: Inner | B32: 11.02.2026 | C32: 1534 | D32: BP0014 | E32: 26IBP009 | F32: FAS Chlorex 2% Inner Filled 100*18mm OMAS | G32: 46054 | H32: 47150 | J32: 5320 | L32: =J32-K32 | M32: No. | N32: =P32+Q32+R32+S32 | O32: =Q32+V32+Y32+AB32+AE32+AH32+AK32+AN32+AQ32+AT32+AW32+AZ32+BC32 | Q32: =L32-S32-R32-P32 | T32: 11.02.2026 | U32: L26B003 | V32: -5320
A33: Inner | B33: 12.02.2026 | C33: 1536 | D33: BP0014 | E33: 26IBP010 | F33: FAS Chlorex 2% Inner Filled 100*18mm OMAS | G33: 46054 | H33: 47150 | J33: 4000 | L33: =J33-K33 | M33: No. | N33: =P33+Q33+R33+S33 | O33: =Q33+V33+Y33+AB33+AE33+AH33+AK33+AN33+AQ33+AT33+AW33+AZ33+BC33 | Q33: =L33-S33-R33-P33 | T33: 12.02.2026 | U33: L26B003 | V33: -4000
A34: Inner | B34: 12.02.2026 | C34: 1536 | D34: BP0014 | E34: 26IBP010 | F34: FAS Chlorex 2% Inner Filled 100*18mm OMAS | G34: 46054 | H34: 47150 | J34: 3000 | L34: =J34-K34 | M34: No. | N34: =P34+Q34+R34+S34 | O34: =Q34+V34+Y34+AB34+AE34+AH34+AK34+AN34+AQ34+AT34+AW34+AZ34+BC34 | Q34: =L34-S34-R34-P34 | T34: 12.02.2026 | U34: L26B003 | V34: -3000
A35: Inner | B35: 15.02.2026 | C35: 1540 | D35: BP0014 | E35: 26IBP010 | F35: FAS Chlorex 2% Inner Filled 100*18mm OMAS | G35: 46054 | H35: 47150 | J35: 2780 | L35: =J35-K35 | M35: No. | N35: =P35+Q35+R35+S35 | O35: =Q35+V35+Y35+AB35+AE35+AH35+AK35+AN35+AQ35+AT35+AW35+AZ35+BC35 | Q35: =L35-S35-R35-P35 | T35: 15.02.2026 | U35: L26B003 | V35: -2780
A36: Assambled | B36: 17.02.2026 | C36: 1545 | D36: PP0037 | E36: 26IPP006 | F36: Assembled outer tube (105*15mm) Clear | G36: 46054 | H36: 46508 | J36: 29585 | L36: =J36-K36 | M36: No. | N36: =P36+Q36+R36+S36 | O36: =Q36+V36+Y36+AB36+AE36+AH36+AK36+AN36+AQ36+AT36+AW36+AZ36+BC36 | Q36: =L36-S36-R36-P36
A37: Inner | B37: 17.02.2026 | C37: 1544 | D37: BP0017 | E37: 26IBP011 | F37: Inner filled tube 81*15mm FAS Chlorex 2% | G37: 46054 | H37: 47150 | J37: 6000 | L37: =J37-K37 | M37: No. | N37: =P37+Q37+R37+S37 | O37: =Q37+V37+Y37+AB37+AE37+AH37+AK37+AN37+AQ37+AT37+AW37+AZ37+BC37 | Q37: =L37-S37-R37-P37 | T37: 17.02.2026 | U37: L26B004 | V37: -6000 | W37: 19.02.2026 | X37: 1558 | Y37: 27000 | Z37: 19.02.2026 | AA37: L26B004 | AB37: -27000
A38: Inner | B38: 23.02.2026 | C38: 1559 | D38: BP0017 | E38: 26IBP011 | F38: Inner filled tube 81*15mm FAS Chlorex 2% | G38: 46054 | H38: 47150 | J38: 3210 | L38: =J38-K38 | M38: No. | N38: =P38+Q38+R38+S38 | O38: =Q38+V38+Y38+AB38+AE38+AH38+AK38+AN38+AQ38+AT38+AW38+AZ38+BC38 | Q38: =L38-S38-R38-P38 | T38: 23.02.2026 | U38: L26B004 | V38: -3210
A39: Assambled | B39: 30.10.2025 | C39: 1145 | D39: PP0054 | E39: 26IPP007 | F39: Assembled Outer Tube 128*18mm Tinted | G39: 46054 | H39: 46478 | J39: 14834 | L39: =J39-K39 | M39: No. | N39: =P39+Q39+R39+S39 | O39: =Q39+V39+Y39+AB39+AE39+AH39+AK39+AN39+AQ39+AT39+AW39+AZ39+BC39 | Q39: =L39-S39-R39-P39
L40: =J40-K40 | N40: =P40+Q40+R40+S40 | O40: =Q40+V40+Y40+AB40+AE40+AH40+AK40+AN40+AQ40+AT40+AW40+AZ40+BC40 | Q40: =L40-S40-R40-P40
L41: =J41-K41 | N41: =P41+Q41+R41+S41 | O41: =Q41+V41+Y41+AB41+AE41+AH41+AK41+AN41+AQ41+AT41+AW41+AZ41+BC41 | Q41: =L41-S41-R41-P41
L42: =J42-K42 | N42: =P42+Q42+R42+S42 | O42: =Q42+V42+Y42+AB42+AE42+AH42+AK42+AN42+AQ42+AT42+AW42+AZ42+BC42 | Q42: =L42-S42-R42-P42
L43: =J43-K43 | N43: =P43+Q43+R43+S43 | O43: =Q43+V43+Y43+AB43+AE43+AH43+AK43+AN43+AQ43+AT43+AW43+AZ43+BC43 | Q43: =L43-S43-R43-P43
L44: =J44-K44 | N44: =P44+Q44+R44+S44 | O44: =Q44+V44+Y44+AB44+AE44+AH44+AK44+AN44+AQ44+AT44+AW44+AZ44+BC44 | Q44: =L44-S44-R44-P44
L45: =J45-K45 | N45: =P45+Q45+R45+S45 | O45: =Q45+V45+Y45+AB45+AE45+AH45+AK45+AN45+AQ45+AT45+AW45+AZ45+BC45 | Q45: =L45-S45-R45-P45
L46: =J46-K46 | N46: =P46+Q46+R46+S46 | O46: =Q46+V46+Y46+AB46+AE46+AH46+AK46+AN46+AQ46+AT46+AW46+AZ46+BC46 | Q46: =L46-S46-R46-P46
L47: =J47-K47 | N47: =P47+Q47+R47+S47 | O47: =Q47+V47+Y47+AB47+AE47+AH47+AK47+AN47+AQ47+AT47+AW47+AZ47+BC47 | Q47: =L47-S47-R47-P47
L48: =J48-K48 | N48: =P48+Q48+R48+S48 | O48: =Q48+V48+Y48+AB48+AE48+AH48+AK48+AN48+AQ48+AT48+AW48+AZ48+BC48 | Q48: =L48-S48-R48-P48
L49: =J49-K49 | N49: =P49+Q49+R49+S49 | O49: =Q49+V49+Y49+AB49+AE49+AH49+AK49+AN49+AQ49+AT49+AW49+AZ49+BC49 | Q49: =L49-S49-R49-P49
L50: =J50-K50 | N50: =P50+Q50+R50+S50 | O50: =Q50+V50+Y50+AB50+AE50+AH50+AK50+AN50+AQ50+AT50+AW50+AZ50+BC50 | Q50: =L50-S50-R50-P50
L51: =J51-K51 | N51: =P51+Q51+R51+S51 | O51: =Q51+V51+Y51+AB51+AE51+AH51+AK51+AN51+AQ51+AT51+AW51+AZ51+BC51 | Q51: =L51-S51-R51-P51
... L761: =J761-K761 | N761: =P761+Q761+R761+S761 | O761: =Q761+V761+Y761+AB761+AE761+AH761+AK761+AN761+AQ761+AT761+AW761+AZ761+BC761 | Q761: =L761-S761-R761-P761

Sheet Stagnant I & A
A1: Item Category | B1: Rec. Date | C1: Doc. No. | D1: Item Code | E1: Batch No. | F1: Item Name | G1: Manf. Date | H1: Exp. Date | I1: Remarks | J1: Received QTY | K1: Sampled Qty | L1: Bigening Qty | M1: Unit | N1: Total stock Qty | O1: Current Released | P1: Quarantine | Q1: Released | R1: Restricted | S1: Reject | T1: Date (1) | U1: Doc No. (1) | V1: Qty (1) | W1: Date (2) | X1: Doc No. (2) | Y1: Qty (2) | Z1: Date (3) | AA1: Doc No. (3) | AB1: Qty (3) | AC1: Date (4) | AD1: Doc No. (4) | AE1: Qty (4) | AF1: Date (5) | AG1: Doc No. (5) | AH1: Qty (5) | AI1: Date (6) | AJ1: Doc No. (6) | AK1: Qty (6) | AL1: Date (7) | AM1: Doc No. (7) | AN1: Qty (7) | AO1: Date (8) | AP1: Doc No. (8) | AQ1: Qty (8) | AR1: Date (9) | AS1: Doc No. (9) | AT1: Qty (9) | AU1: Date (10) | AV1: Doc No. (10) | AW1: Qty (10) | AX1: Date (11) | AY1: Doc No. (11) | AZ1: Qty (11) | BA1: Date (12) | BB1: Doc No. (12) | BC1: Qty (12)
A2: Inner | D2: BP0028 | E2: 24IBP006 | F2: Inner filled tube-chlorhexidine 2% solution 118*23 mm | G2: september.-2024 | H2: september.-2027 | I2: Trials | J2: 420 | L2: =J2-K2 | M2: No. | N2: =P2+Q2+R2+S2 | O2: =Q2+V2+Y2+AB2+AE2+AH2+AK2+AN2+AQ2+AT2+AW2+AZ2-BC2 | Q2: =L2-S2-R2-P2
A3: Inner | D3: BP0026 | E3: 24IBP007 | F3: Inner filled tube-chlorhexidine 2% solution 81*15 mm | G3: september.-2024 | H3: september.-2027 | I3: Trials | J3: 7850 | L3: =J3-K3 | M3: No. | N3: =P3+Q3+R3+S3 | O3: =Q3+V3+Y3+AB3+AE3+AH3+AK3+AN3+AQ3+AT3+AW3+AZ3-BC3 | Q3: =L3-S3-R3-P3
A4: Inner | D4: BP0029 | E4: 24IBP009 | F4: Inner filled tube-chlorhexidine 2% solution 81*15 mm | G4: september.-2024 | H4: september.-2027 | I4: Trials | J4: 2850 | L4: =J4-K4 | M4: No. | N4: =P4+Q4+R4+S4 | O4: =Q4+V4+Y4+AB4+AE4+AH4+AK4+AN4+AQ4+AT4+AW4+AZ4-BC4 | Q4: =L4-S4-R4-P4
A5: Inner | D5: BP0030 | E5: 24IBP010 | F5: Inner filled tube-chlorhexidine 2% solution 118*23 mm | G5: september.-2024 | H5: september.-2027 | I5: Trials | J5: 685 | L5: =J5-K5 | M5: No. | N5: =P5+Q5+R5+S5 | O5: =Q5+V5+Y5+AB5+AE5+AH5+AK5+AN5+AQ5+AT5+AW5+AZ5-BC5 | Q5: =L5-S5-R5-P5
L6: =J6-K6 | N6: =P6+Q6+R6+S6 | O6: =Q6+V6+Y6+AB6+AE6+AH6+AK6+AN6+AQ6+AT6+AW6+AZ6+BC6 | Q6: =L6-S6-R6-P6
L7: =J7-K7 | N7: =P7+Q7+R7+S7 | O7: =Q7+V7+Y7+AB7+AE7+AH7+AK7+AN7+AQ7+AT7+AW7+AZ7+BC7 | Q7: =L7-S7-R7-P7
L8: =J8-K8 | N8: =P8+Q8+R8+S8 | O8: =Q8+V8+Y8+AB8+AE8+AH8+AK8+AN8+AQ8+AT8+AW8+AZ8+BC8 | Q8: =L8-S8-R8-P8
L9: =J9-K9 | N9: =P9+Q9+R9+S9 | O9: =Q9+V9+Y9+AB9+AE9+AH9+AK9+AN9+AQ9+AT9+AW9+AZ9+BC9 | Q9: =L9-S9-R9-P9
L10: =J10-K10 | N10: =P10+Q10+R10+S10 | O10: =Q10+V10+Y10+AB10+AE10+AH10+AK10+AN10+AQ10+AT10+AW10+AZ10+BC10 | Q10: =L10-S10-R10-P10
L11: =J11-K11 | N11: =P11+Q11+R11+S11 | O11: =Q11+V11+Y11+AB11+AE11+AH11+AK11+AN11+AQ11+AT11+AW11+AZ11+BC11 | Q11: =L11-S11-R11-P11
L12: =J12-K12 | N12: =P12+Q12+R12+S12 | O12: =Q12+V12+Y12+AB12+AE12+AH12+AK12+AN12+AQ12+AT12+AW12+AZ12+BC12 | Q12: =L12-S12-R12-P12
L13: =J13-K13 | N13: =P13+Q13+R13+S13 | O13: =Q13+V13+Y13+AB13+AE13+AH13+AK13+AN13+AQ13+AT13+AW13+AZ13+BC13 | Q13: =L13-S13-R13-P13
L14: =J14-K14 | N14: =P14+Q14+R14+S14 | O14: =Q14+V14+Y14+AB14+AE14+AH14+AK14+AN14+AQ14+AT14+AW14+AZ14+BC14 | Q14: =L14-S14-R14-P14
L15: =J15-K15 | N15: =P15+Q15+R15+S15 | O15: =Q15+V15+Y15+AB15+AE15+AH15+AK15+AN15+AQ15+AT15+AW15+AZ15+BC15 | Q15: =L15-S15-R15-P15
L16: =J16-K16 | N16: =P16+Q16+R16+S16 | O16: =Q16+V16+Y16+AB16+AE16+AH16+AK16+AN16+AQ16+AT16+AW16+AZ16+BC16 | Q16: =L16-S16-R16-P16
L17: =J17-K17 | N17: =P17+Q17+R17+S17 | O17: =Q17+V17+Y17+AB17+AE17+AH17+AK17+AN17+AQ17+AT17+AW17+AZ17+BC17 | Q17: =L17-S17-R17-P17
... L856: =J856-K856 | N856: =P856+Q856+R856+S856 | O856: =Q856+V856+Y856+AB856+AE856+AH856+AK856+AN856+AQ856+AT856+AW856+AZ856+BC856 | Q856: =L856-S856-R856-P856

Sheet Historical R&PM
A1: Item Category | B1: Rece. Date | C1: PO No. | D1: Doc. No. | E1: Item Code | F1: Item Name | G1: Control No. | H1: Manufacturer Name | I1: Supplier | J1: Supp. Lot No | K1: Mfg. Date | M1: Exp. Date | O1: Retest Date | R1: No. of packs | S1: Qty per packs | T1: Loose Pack | U1: Received Qty | V1: Unit | W1: Sample Qty | X1: Date | Y1: Remarks | Z1: Beg. Balance | AA1: Current released | AB1: Quarantine | AC1: Unrestricted | AD1: Restricted | AE1: Rejected | AF1: Date (1) | AG1: Doc No. (1) | AH1: Qty (1) | AI1: Date (2) | AJ1: Doc No. (2) | AK1: Qty (2) | AL1: Date (3) | AM1: Doc No. (3) | AN1: Qty (3) | AO1: Date (4) | AP1: Doc No. (4) | AQ1: Qty (4) | AR1: Date (5) | AS1: Doc No. (5) | AT1: Qty (5) | AU1: Date (6) | AV1: Doc No. (6) | AW1: Qty (6) | AX1: Date (7) | AY1: Doc No. (7) | AZ1: Qty (7) | BA1: Date (8) | BB1: Doc No. (8) | BC1: Qty (8) | BD1: Date (9) | BE1: Doc No. (9) | BF1: Qty (9) | BG1: Date (10) | BH1: Doc No. (10) | BI1: Qty (10) | BJ1: Date (11) | BK1: Doc No. (11) | BL1: Qty (11) | BM1: Date (12) | BN1: Doc No. (12) | BO1: Qty (12)
A2: PP | B2: 15/2/2023 | C2: NA | D2: 2300035 | E2: SP0026 | F2: Label for Laparoscopic Trocar Disposable [5mm obturator*1+75mm sleeve*1] -Model No.:FAS05075N | G2: SP2300035 | H2: NA | J2: NA | K2: February.-2023 | M2: February.-2026 | O2: NA | U2: 0 | V2: No. | Y2: Dispatched | Z2: =U2-W2 | AA2: =AC2+AH2+AK2+AN2+AQ2+AT2+AW2+AZ2+BC2+BF2+BI2+BL2+BO2 | AB2: 0 | AC2: =Z2-AD2-AE2-AB2 | AE2: 0 | AH2: 0
A3: SPM | B3: 15/2/2023 | C3: NA | D3: 2300036 | E3: SP0028 | F3: Label for Laparoscopic Trocar Disposable [5mm obturator*1+75mm sleeve*1] Model No.:FAS05075P | G3: SP2300036 | H3: NA | J3: NA | K3: February.-2023 | M3: February.-2026 | O3: NA | U3: 0 | V3: No. | Y3: Dispatched | Z3: =U3-W3 | AA3: =AC3+AH3+AK3+AN3+AQ3+AT3+AW3+AZ3+BC3+BF3+BI3+BL3+BO3 | AB3: 0 | AC3: =Z3-AD3-AE3-AB3 | AE3: 0
A4: SPM | B4: 15/2/2023 | C4: NA | D4: 2300037 | E4: SP0029 | F4: Label for Laparoscopic Trocar Disposable [5mm obturator*1+75mm sleeve*1] Model No.:FAS05075V | G4: SP2300037 | H4: NA | J4: NA | K4: February.-2023 | M4: February.-2026 | O4: NA | U4: 0 | V4: No. | Y4: Dispatched | Z4: =U4-W4 | AA4: =AC4+AH4+AK4+AN4+AQ4+AT4+AW4+AZ4+BC4+BF4+BI4+BL4+BO4 | AB4: 0 | AC4: =Z4-AD4-AE4-AB4 | AE4: 0
A5: SPM | B5: 15/2/2023 | C5: NA | D5: 2300038 | E5: SP0020 | F5: Label for Laparoscopic Trocar Disposable [5mm obturator*1+100mm sleeve*1] Model No.:FAS05100N | G5: SP2300038 | H5: NA | J5: NA | K5: February.-2023 | M5: February.-2026 | O5: NA | U5: 0 | V5: No. | Y5: Dispatched | Z5: =U5-W5 | AA5: =AC5+AH5+AK5+AN5+AQ5+AT5+AW5+AZ5+BC5+BF5+BI5+BL5+BO5 | AB5: 0 | AC5: =Z5-AD5-AE5-AB5 | AE5: 0
A6: SPM | B6: 15/2/2023 | C6: NA | D6: 2300039 | E6: SP0024 | F6: Label for Laparoscopic Trocar Disposable [5mm obturator*1+100mm sleeve*1] Model No.:FAS05100P | G6: SP2300039 | H6: NA | J6: NA | K6: February.-2023 | M6: February.-2026 | O6: NA | U6: 0 | V6: No. | Y6: Dispatched | Z6: =U6-W6 | AA6: =AC6+AH6+AK6+AN6+AQ6+AT6+AW6+AZ6+BC6+BF6+BI6+BL6+BO6 | AB6: 0 | AC6: =Z6-AD6-AE6-AB6 | AE6: 0
A7: SPM | B7: 15/2/2023 | C7: NA | D7: 2300040 | E7: SP0025 | F7: Label for Laparoscopic Trocar Disposable [5mm obturator*1+100mm sleeve*1] Model No.:FAS05100S | G7: SP2300040 | H7: NA | J7: NA | K7: February.-2023 | M7: February.-2026 | O7: NA | U7: 0 | V7: No. | Y7: Dispatched | Z7: =U7-W7 | AA7: =AC7+AH7+AK7+AN7+AQ7+AT7+AW7+AZ7+BC7+BF7+BI7+BL7+BO7 | AB7: 0 | AC7: =Z7-AD7-AE7-AB7 | AE7: 0
A8: SPM | B8: 15/2/2023 | C8: NA | D8: 2300041 | E8: SP0022 | F8: Label for Laparoscopic Trocar Disposable [5m obturator*1+100mm sleeve*1] Model No.:FAS05100V | G8: SP2300041 | H8: NA | J8: NA | K8: February.-2023 | M8: February.-2026 | O8: NA | U8: 0 | V8: No. | Y8: Dispatched | Z8: =U8-W8 | AA8: =AC8+AH8+AK8+AN8+AQ8+AT8+AW8+AZ8+BC8+BF8+BI8+BL8+BO8 | AB8: 0 | AC8: =Z8-AD8-AE8-AB8 | AE8: 0
A9: SPM | B9: 15/2/2023 | C9: NA | D9: 2300042 | E9: SP0021 | F9: Label for Laparoscopic Trocar Disposable [5mm obturator*1+150mm sleeve*1] Model No.:FAS05150N | G9: SP2300042 | H9: NA | J9: NA | K9: February.-2023 | M9: February.-2026 | O9: NA | U9: 0 | V9: No. | Y9: Dispatched | Z9: =U9-W9 | AA9: =AC9+AH9+AK9+AN9+AQ9+AT9+AW9+AZ9+BC9+BF9+BI9+BL9+BO9 | AB9: 0 | AC9: =Z9-AD9-AE9-AB9 | AE9: 0
A10: SPM | B10: 15/2/2023 | C10: NA | D10: 2300043 | E10: SP0023 | F10: Label for Laparoscopic Trocar Disposable [5mm obturator*1+150mm sleeve*1] Model No.:FAS05150V | G10: SP2300043 | H10: NA | J10: NA | K10: February.-2023 | M10: February.-2026 | O10: NA | U10: 0 | V10: No. | Y10: Dispatched | Z10: =U10-W10 | AA10: =AC10+AH10+AK10+AN10+AQ10+AT10+AW10+AZ10+BC10+BF10+BI10+BL10+BO10 | AB10: 0 | AC10: =Z10-AD10-AE10-AB10 | AE10: 0
A11: SPM | B11: 15/2/2023 | C11: NA | D11: 2300044 | E11: SP0015 | F11: Label for Laparoscopic Trocar Disposable [11mm obturator*1+100mm sleeve*1] Model No.:FAS11100D | G11: SP2300044 | H11: NA | J11: NA | K11: February.-2023 | M11: February.-2026 | O11: NA | U11: 0 | V11: No. | Y11: Dispatched | Z11: =U11-W11 | AA11: =AC11+AH11+AK11+AN11+AQ11+AT11+AW11+AZ11+BC11+BF11+BI11+BL11+BO11 | AB11: 0 | AC11: =Z11-AD11-AE11-AB11 | AE11: 0
A12: SPM | B12: 15/2/2023 | C12: NA | D12: 2300045 | E12: SP0018 | F12: Label for Laparoscopic Trocar Disposable [11mm obturator*1+100mm sleeve*1] Model No.:FAS11100H | G12: SP2300045 | H12: NA | J12: NA | K12: February.-2023 | M12: February.-2026 | O12: NA | U12: 0 | V12: No. | Y12: Dispatched | Z12: =U12-W12 | AA12: =AC12+AH12+AK12+AN12+AQ12+AT12+AW12+AZ12+BC12+BF12+BI12+BL12+BO12 | AB12: 0 | AC12: =Z12-AD12-AE12-AB12 | AE12: 0
A13: SPM | B13: 15/2/2023 | C13: NA | D13: 2300046 | E13: SP0033 | F13: Label for Laparoscopic Trocar Disposable [11mm obturator*1+100mm sleeve*1] Model No.:FAS11100P | G13: SP2300046 | H13: NA | J13: NA | K13: February.-2023 | M13: February.-2026 | O13: NA | U13: 0 | V13: No. | Y13: Dispatched | Z13: =U13-W13 | AA13: =AC13+AH13+AK13+AN13+AQ13+AT13+AW13+AZ13+BC13+BF13+BI13+BL13+BO13 | AB13: 0 | AC13: =Z13-AD13-AE13-AB13 | AE13: 0
A14: SPM | B14: 15/2/2023 | C14: NA | D14: 2300047 | E14: SP0019 | F14: Label for Laparoscopic Trocar Disposable [11mm obturator*1+100mm sleeve*1] Model No.:FAS11100S | G14: SP2300047 | H14: NA | J14: NA | K14: February.-2023 | M14: February.-2026 | O14: NA | U14: 0 | V14: No. | Y14: Dispatched | Z14: =U14-W14 | AA14: =AC14+AH14+AK14+AN14+AQ14+AT14+AW14+AZ14+BC14+BF14+BI14+BL14+BO14 | AB14: 0 | AC14: =Z14-AD14-AE14-AB14 | AE14: 0
... A70: SPM | B70: 18/06/2023 | C70: SSMC0472023 | D70: 2300104 | E70: SP0063 | F70: BOPP Roll 20micron thickness 195mm width | G70: SP2300104 | H70: Al-Sharq Factories for Plastic | J70: 123122057 | K70: 11/06/2023 | M70: 11/06/2027 | O70: NA | U70: 0 | V70: Kg. | Y70: Dispatched | Z70: =U70-W70 | AA70: =AC70+AH70+AK70+AN70+AQ70+AT70+AW70+AZ70+BC70+BF70+BI70+BL70+BO70 | AB70: 0 | AC70: =Z70-AD70-AE70-AB70 | AE70: 0
A71: SPM | B71: 18/06/2023 | C71: SSMC0472023 | D71: 2300106 | E71: SP0065 | F71: BOPP Roll 20micron thickness 203mm width | G71: SP2300106 | H71: Al-Sharq Factories for Plastic | J71: 123122057 | K71: 11.06.2023 | M71: 11.06.2027 | O71: NA | U71: 0 | V71: Kg. | Z71: 0 | AA71: 0 | AB71: 0 | AC71: 0 | AE71: 0
A72: SP | B72: 18/06/2023 | C72: SSMC0472023 | D72: 2300110 | E72: SP0069 | F72: BOPP Roll 20micron thickness 325mm width | G72: SP2300110 | H72: Al-Sharq Factories for Plastic | J72: 123122057 | K72: 11.06.2023 | L72: 11.06.2023 | M72: 11.06.2027 | N72: 11.06.2027 | O72: NA | P72: NA | Q72: 10.11.2026 | U72: 125.398 | V72: Kg. | Z72: 125.398 | AA72: -7.1054274e-15 | AB72: 0 | AC72: 125.398 | AE72: 0 | AF72: 15.10.2025 | AG72: MR250200 | AH72: -6.718 | AI72: 19.11.2025 | AJ72: MR250236 | AK72: -37.2 | AL72: 27.11.2025 | AM72: MR250245 | AN72: -63.3 | AO72: 21.12.2025 | AP72: MR250268 | AQ72: -18.18
A73: SPM | B73: 45023 | D73: 2300111 | E73: SP0070 | F73: Tear Tape 2.5mm width gold self adhesive | G73: SP2300111 | H73: NA | J73: NA | K73: 06/2023 | M73: 06/2027 | O73: NA | U73: 0 | V73: No. | Y73: Dispatched | Z73: =U73-W73 | AA73: =AC73+AH73+AK73+AN73+AQ73+AT73+AW73+AZ73+BC73+BF73+BI73+BL73+BO73 | AB73: 0 | AC73: =Z73-AD73-AE73-AB73 | AE73: 0
A74: RM | B74: 45116 | C74: SSMC0492023 | D74: 2300112 | E74: RM0004 | F74: Microcrystalline Cellulose PH101 | G74: RM2300001 | H74: JRS Pharma | J74: 66/01/193821 | K74: 05/2019 | M74: NA | O74: 05/2024 | U74: 0 | V74: Kg. | Y74: Dispatched | Z74: =U74-W74 | AA74: =AC74+AH74+AK74+AN74+AQ74+AT74+AW74+AZ74+BC74+BF74+BI74+BL74+BO74 | AB74: 0 | AC74: =Z74-AD74-AE74-AB74 | AE74: 0
A75: SPM | B75: 45118 | C75: NA | D75: 2300113 | E75: SP0070 | F75: Tear Tape 2.5mm width gold self adhesive | G75: SP2300112 | H75: NA | J75: NA | K75: 07/2023 | M75: 07/2027 | O75: NA | U75: 0 | V75: No. | Y75: Dispatched | Z75: =U75-W75 | AA75: =AC75+AH75+AK75+AN75+AQ75+AT75+AW75+AZ75+BC75+BF75+BI75+BL75+BO75 | AB75: 0 | AC75: =Z75-AD75-AE75-AB75 | AE75: 0
A76: Premix | B76: 45148 | C76: NA | D76: 2300121 | E76: RM0001 | F76: Inovari Plus Premix | G76: RM2300009 | H76: E-Pharma Trento S.P.A | J76: 002 | K76: NA | M76: NA | O76: NA | U76: 0 | V76: Kg. | Y76: Dispatched | Z76: =U76-W76 | AA76: =AC76+AH76+AK76+AN76+AQ76+AT76+AW76+AZ76+BC76+BF76+BI76+BL76+BO76 | AB76: 0 | AC76: =Z76-AD76-AE76-AB76 | AE76: 0
A77: Premix | B77: 45148 | C77: NA | D77: 2300122 | E77: RM0003 | F77: Ferti Ovum Premix | G77: RM2300010 | H77: E-Pharma Trento S.P.A | J77: 003 | K77: NA | M77: NA | O77: NA | U77: 0 | V77: Kg. | Y77: Dispatched | Z77: =U77-W77 | AA77: =AC77+AH77+AK77+AN77+AQ77+AT77+AW77+AZ77+BC77+BF77+BI77+BL77+BO77 | AB77: 0 | AC77: =Z77-AD77-AE77-AB77 | AE77: 0
A78: Premix | B78: 45148 | C78: NA | D78: 2300123 | E78: RM0002 | F78: Forti Premix | G78: RM2300011 | H78: E-Pharma Trento S.P.A | J78: 004 | K78: NA | M78: NA | O78: NA | U78: 0 | V78: Kg. | Y78: Dispatched | Z78: =U78-W78 | AA78: =AC78+AH78+AK78+AN78+AQ78+AT78+AW78+AZ78+BC78+BF78+BI78+BL78+BO78 | AB78: 0 | AC78: =Z78-AD78-AE78-AB78 | AE78: 0
A79: PP | B79: 45148 | C79: NA | D79: 2300124 | E79: PP0001 | F79: Unprinted Paper Alui. Foil Based Laminated Roll 260mm width | G79: PP2300001 | H79: NA | J79: NA | K79: NA | M79: NA | O79: NA | U79: 0 | V79: Kg. | Y79: Dispatched | Z79: =U79-W79 | AA79: =AC79+AH79+AK79+AN79+AQ79+AT79+AW79+AZ79+BC79+BF79+BI79+BL79+BO79 | AB79: 0 | AC79: =Z79-AD79-AE79-AB79 | AE79: 0
A80: PP | B80: 45148 | C80: NA | D80: 2300127 | E80: PP0002 | F80: Plastic Bottle 175cc-White colour | G80: PP2300002 | H80: Hubei Mingda Plastics Products Co. | J80: MDTZQ2210121-1 | K80: 26/10/2022 | L80: 26.10.2022 | M80: NA | N80: NA | O80: NA | P80: NA | Q80: 29.08.2025 | U80: 1456 | V80: No. | Z80: 1456 | AA80: 0 | AB80: 0 | AC80: 1456 | AE80: 0 | AF80: 31.07.2025 | AG80: MR250145 | AH80: -160 | AI80: 21.09.2025 | AJ80: MR250174 | AK80: -100 | AM80: Trans To Cons. | AN80: -1196
A81: PP | B81: 45148 | C81: NA | D81: 2300128 | E81: PP0003 | F81: Plastic Caps 48mm-White colour | G81: PP2300003 | H81: Hubei Mingda Plastics Products Co. | J81: MDTZQ2210121-01 | K81: 26/10/2022 | L81: 26.10.2022 | M81: NA | N81: NA | O81: NA | P81: NA | Q81: 29.08.2025 | U81: 1493 | V81: No. | Z81: 1493 | AA81: 0 | AB81: 0 | AC81: 1493 | AE81: 0 | AF81: 31.07.2025 | AG81: MR250145 | AH81: -981 | AI81: 21.09.2025 | AJ81: MR250174 | AK81: -100 | AL81: 09.10.2025 | AM81: Trans To Cons. | AN81: -412
A82: SPM | B82: 45148 | C82: NA | D82: 2300129 | E82: SP0071 | F82: Label Blank [W 5 X L 10cm] | G82: SP2300115 | H82: NA | J82: NA | K82: NA | M82: NA | O82: NA | U82: 0 | V82: No. | Y82: Dispatched | Z82: =U82-W82 | AA82: =AC82+AH82+AK82+AN82+AQ82+AT82+AW82+AZ82+BC82+BF82+BI82+BL82+BO82 | AB82: 0 | AC82: =Z82-AD82-AE82-AB82 | AE82: 0
A83: RM | B83: 19/08/2023 | C83: SSMC0602023 | D83: 2300131 | E83: RM0011 | F83: Microcrystalline Cellulose PH102 | G83: RM2300012 | H83: JRS Pharma | J83: 56102220149 | K83: 12/2022 | M83: NA | O83: 12/2027 | U83: 0 | V83: Kg. | Y83: Dispatched | Z83: =U83-W83 | AA83: =AC83+AH83+AK83+AN83+AQ83+AT83+AW83+AZ83+BC83+BF83+BI83+BL83+BO83 | AB83: 0 | AC83: =Z83-AD83-AE83-AB83 | AE83: 0
A84: RM | B84: 19/08/2023 | C84: SSMC0592023 | D84: 2300133 | E84: RM0013 | F84: Lactose Monohydrate | G84: RM2300014 | H84: Meggle GmbH | J84: L102511823 | K84: 05/2023 | M84: 04/2026 | O84: NA | U84: 0 | V84: Kg. | Y84: Dispatched | Z84: =U84-W84 | AA84: =AC84+AH84+AK84+AN84+AQ84+AT84+AW84+AZ84+BC84+BF84+BI84+BL84+BO84 | AB84: 0 | AC84: =Z84-AD84-AE84-AB84 | AE84: 0
A85: SPM | B85: 22/08/2023 | C85: HTA-2023-001 | D85: 2300135 | E85: SP0070 | F85: Tear Tape 2.5mm width gold self adhesive | G85: SP2300117 | H85: Hainan Tianjian Anti-Forgery S&T Co., Ltd | J85: NA | K85: 07/2023 | M85: 07/2027 | O85: NA | U85: 1 | V85: No. | Z85: 1 | AA85: 0 | AB85: 0 | AC85: 1 | AE85: 0 | AF85: 29.06.2025 | AG85: MR250120 | AH85: -1 | AK85: 0
A86: PP | B86: 05/09/2023 | C86: NA | D86: 2300136 | E86: PP0004 | F86: Sachet Aluminum Foil-Blank-Film Triplex Paper 50g-Alumium 20µ -PE 35µ | G86: PP2300004 | H86: Pogliano Flexible Packaging S.r.l. | J86: 21027 | K86: 13/07/2023 | M86: 08/01/2024 | O86: NA | U86: 0 | V86: Kg. | Y86: Dispatched | Z86: =U86-W86 | AA86: =AC86+AH86+AK86+AN86+AQ86+AT86+AW86+AZ86+BC86+BF86+BI86+BL86+BO86 | AB86: 0 | AC86: =Z86-AD86-AE86-AB86 | AE86: 0
A87: PP | B87: 05/09/2023 | C87: NA | D87: 2300137 | E87: PP0005 | F87: Sachet Aluminum Foil-Blank-Film Quadruplex Paper 50gr-PE 12gr-Aluminum 20µ -PE 35µ | G87: PP2300005 | H87: Pogliano Flexible Packaging S.r.l. | J87: 21028 | K87: 13/07/2023 | M87: 08/01/2024 | O87: NA | U87: 0 | V87: Kg. | Y87: Dispatched | Z87: =U87-W87 | AA87: =AC87+AH87+AK87+AN87+AQ87+AT87+AW87+AZ87+BC87+BF87+BI87+BL87+BO87 | AB87: 0 | AC87: =Z87-AD87-AE87-AB87 | AE87: 0
A88: PP | B88: 15.10.2023 | C88: NA | D88: 2300139 | E88: PP0010 | F88: Plastic Bottle 255cc-White colour | G88: PP2300006 | H88: Hubei Mingda Plastics Products Co. | J88: MDTZQ2210121-02 | K88: 22/10/2022 | L88: 22.10.2022 | M88: NA | N88: NA | O88: NA | P88: NA | U88: 1660 | V88: No. | Z88: 1660 | AA88: 0 | AB88: 0 | AC88: 1660 | AE88: 0 | AF88: 21.09.2025 | AG88: MR250174 | AH88: -200 | AI88: 09.10.2025 | AJ88: Trans To Cons. | AK88: -1460
A89: PP | B89: 15.10.2023 | C89: NA | D89: 2300140 | E89: PP0011 | F89: Plastic Caps 55mm-White colour | G89: PP2300007 | H89: Hubei Mingda Plastics Products Co. | J89: MDTZQ2210121-02 | K89: 22/10/2022 | L89: 22.10.2022 | M89: NA | N89: NA | O89: NA | P89: NA | U89: 2100 | V89: No. | Z89: 2100 | AA89: 0 | AB89: 0 | AC89: 2100 | AE89: 0 | AF89: 21.09.2025 | AG89: MR250174 | AH89: -200 | AI89: 09.10.2025 | AJ89: Trans To Cons. | AK89: -1900
A90: RM | B90: 15/10/2023 | C90: NA | D90: 2300144 | E90: RM0020 | F90: Hydroxypropyl Methylcellulose-Methocel E15 Premium LV | G90: RM2300019 | H90: Dupont Nutrition & Bioscience (UK) Ltd | J90: D011L23L01 | K90: 03/02/2021 | M90: NA | O90: 46055 | U90: 0 | V90: Kg. | Y90: Dispatched | Z90: =U90-W90 | AA90: =AC90+AH90+AK90+AN90+AQ90+AT90+AW90+AZ90+BC90+BF90+BI90+BL90+BO90 | AB90: 0 | AC90: =Z90-AD90-AE90-AB90 | AE90: 0
A91: RM | B91: 15/10/2023 | D91: 2300145 | E91: RM0021 | F91: Opadry Yellow Powder 03F82335 | G91: RM2300020 | H91: Colorcon Limited | J91: TKL69724 | K91: 25/09/2023 | L91: 25.09.2023 | M91: NA | N91: NA | O91: 24/09/2025 | P91: 24.09.2025 | U91: 0 | V91: Kg. | Z91: 0 | AA91: 0 | AB91: 0 | AC91: 0 | AE91: 0
A92: RM | B92: 15/10/2023 | D92: 2300146 | E92: RM0022 | F92: Opadry Pink Powder 03F540042 | G92: RM2300021 | H92: Colorcon Limited | J92: TKL69725 | K92: 25/09/2023 | L92: 25.09.2023 | M92: NA | N92: NA | O92: 24/09/2025 | P92: 24.09.2025 | U92: 0 | V92: Kg. | Z92: 0 | AA92: 0 | AB92: 0 | AC92: 0 | AE92: 0
A93: RM | B93: 22/10/2023 | D93: 2300147 | E93: RM0013 | F93: Lactose Monohydrate | G93: RM2300022 | H93: Meggle GmbH | J93: L102511823 | K93: 05/2023 | L93: 00.05.2023 | M93: 04/2026 | N93: 00.04.2026 | O93: NA | P93: NA | U93: 0 | V93: Kg. | Z93: 0 | AA93: 0 | AB93: 0 | AC93: 0 | AE93: 0
A94: RM | B94: 15/10/2023 | D94: 2300148 | E94: RM0011 | F94: Microcrystalline Cellulose PH102 | G94: RM2300023 | H94: JRS Pharma | J94: 56102220149 | K94: 12/2022 | M94: NA | O94: 12/2027 | U94: 0 | V94: Kg. | Y94: Dispatched | Z94: =U94-W94 | AA94: =AC94+AH94+AK94+AN94+AQ94+AT94+AW94+AZ94+BC94+BF94+BI94+BL94+BO94 | AB94: 0 | AC94: =Z94-AD94-AE94-AB94 | AE94: 0
A95: SPM | B95: 30/10/2023 | D95: 2300149 | E95: SP0100 | F95: FAS Chlorex 2% Box [61 X 61 cm] | G95: SP2300119 | H95: Al Shams Printing Packaging& Trading CO | J95: 44983 | K95: 15/09/2023 | M95: NA | O95: NA | U95: 0 | V95: No. | Y95: Dispatched | Z95: =U95-W95 | AA95: =AC95+AH95+AK95+AN95+AQ95+AT95+AW95+AZ95+BC95+BF95+BI95+BL95+BO95 | AB95: 0 | AC95: =Z95-AD95-AE95-AB95 | AE95: 0
A96: SP | B96: 30/10/2023 | D96: 2300150 | E96: SP0101 | F96: FAS Chlorex 2% Box [61 X 71 cm] | G96: SP2300120 | H96: Al Shams Printing Packaging& Trading CO | J96: 44983 | K96: 15/09/2023 | L96: 15.09.2023 | M96: NA | N96: NA | O96: NA | P96: NA | U96: 5000 | V96: No. | Z96: 5000 | AA96: 0 | AB96: 0 | AC96: 5000 | AE96: 0 | BN96: DESTRUC | BO96: -5000
A97: SP | B97: 09/11/2023 | C97: NA | D97: 2300151 | E97: SP0102 | F97: Polyamide/Polyethylene 200 µm 420 mm width roll | G97: SP2300121 | H97: NA | J97: NA | K97: NA | L97: NA | M97: NA | N97: NA | O97: NA | P97: NA | U97: 0 | V97: Kg. | Y97: Disp. | Z97: 0 | AA97: 0 | AB97: 0 | AC97: 0 | AE97: 0
A98: SPM | B98: 09/11/2023 | C98: NA | D98: 2300152 | E98: SP0103 | F98: Medical Paper 70gm-Blank 408 mm width | G98: SP2300122 | H98: NA | J98: NA | K98: NA | M98: NA | O98: NA | U98: 0 | V98: Kg. | Y98: Dispatched | Z98: =U98-W98 | AA98: =AC98+AH98+AK98+AN98+AQ98+AT98+AW98+AZ98+BC98+BF98+BI98+BL98+BO98 | AB98: 0 | AC98: =Z98-AD98-AE98-AB98 | AE98: 0
A99: PP | B99: 09/11/2023 | C99: NA | D99: 2300154 | E99: PP0013 | F99: Inner Plastic tube for Applicator 3ml for Tecnomaco | G99: PP2300009 | H99: NA | J99: NA | K99: NA | M99: NA | O99: NA | U99: 0 | V99: No. | Y99: Dispatched | Z99: =U99-W99 | AA99: =AC99+AH99+AK99+AN99+AQ99+AT99+AW99+AZ99+BC99+BF99+BI99+BL99+BO99 | AB99: 0 | AC99: =Z99-AD99-AE99-AB99 | AE99: 0
A100: PP | B100: 09/11/2023 | C100: NA | D100: 2300155 | E100: PP0014 | F100: Inner Plastic tube for Applicator 10.5ml for Tecnomaco | G100: PP2300010 | H100: NA | J100: NA | K100: NA | M100: NA | O100: NA | U100: 0 | V100: No. | Y100: Dispatched | Z100: =U100-W100 | AA100: =AC100+AH100+AK100+AN100+AQ100+AT100+AW100+AZ100+BC100+BF100+BI100+BL100+BO100 | AB100: 0 | AC100: =Z100-AD100-AE100-AB100 | AE100: 0
A101: PP | B101: 09/11/2023 | C101: NA | D101: 2300156 | E101: PP0015 | F101: Inner Plastic tube for Applicator 26ml for Tecnomaco | G101: PP2300011 | H101: NA | J101: NA | K101: NA | M101: NA | O101: NA | U101: 0 | V101: No. | Y101: Dispatched | Z101: =U101-W101 | AA101: =AC101+AH101+AK101+AN101+AQ101+AT101+AW101+AZ101+BC101+BF101+BI101+BL101+BO101 | AB101: 0 | AC101: =Z101-AD101-AE101-AB101 | AE101: 0
A102: PP | B102: 09/11/2023 | C102: NA | D102: 2300157 | E102: PP0016 | F102: Outer Plastic tube with Sponge for Applicator 3ml for Tecnomaco | G102: PP2300012 | H102: NA | J102: NA | K102: NA | M102: NA | O102: NA | U102: 0 | V102: No. | Y102: Dispatched | Z102: =U102-W102 | AA102: =AC102+AH102+AK102+AN102+AQ102+AT102+AW102+AZ102+BC102+BF102+BI102+BL102+BO102 | AB102: 0 | AC102: =Z102-AD102-AE102-AB102 | AE102: 0
A103: PP | B103: 09/11/2023 | C103: NA | D103: 2300158 | E103: PP0017 | F103: Outer Plastic tube with Sponge for Applicator 10.5ml for Tecnomaco | G103: PP2300013 | H103: NA | J103: NA | K103: NA | M103: NA | O103: NA | U103: 0 | V103: No. | Y103: Dispatched | Z103: =U103-W103 | AA103: =AC103+AH103+AK103+AN103+AQ103+AT103+AW103+AZ103+BC103+BF103+BI103+BL103+BO103 | AB103: 0 | AC103: =Z103-AD103-AE103-AB103 | AE103: 0
A104: PP | B104: 09/11/2023 | C104: NA | D104: 2300159 | E104: PP0018 | F104: Outer Plastic tube with Sponge for Applicator 26ml for Tecnomaco | G104: PP2300014 | H104: NA | J104: NA | K104: NA | M104: NA | O104: NA | U104: 0 | V104: No. | Y104: Dispatched | Z104: =U104-W104 | AA104: =AC104+AH104+AK104+AN104+AQ104+AT104+AW104+AZ104+BC104+BF104+BI104+BL104+BO104 | AB104: 0 | AC104: =Z104-AD104-AE104-AB104 | AE104: 0
A105: PP | B105: 09/11/2023 | C105: NA | D105: 2300160 | E105: PP0019 | F105: Inner plastic tube (HDPE) for Applicator 3 ml - Tecnomaco | G105: PP2300015 | H105: NA | M105: NA | O105: NA | U105: 0 | V105: No. | Y105: Dispatched | Z105: =U105-W105 | AA105: =AC105+AH105+AK105+AN105+AQ105+AT105+AW105+AZ105+BC105+BF105+BI105+BL105+BO105 | AB105: 0 | AC105: =Z105-AD105-AE105-AB105 | AE105: 0
A106: PP | B106: 09/11/2023 | C106: NA | D106: 2300161 | E106: PP0020 | F106: Inner plastic tube (HDPE) for Applicator 10.5 ml - Tecnomaco | G106: PP2300016 | H106: NA | M106: NA | O106: NA | U106: 0 | V106: No. | Y106: Dispatched | Z106: =U106-W106 | AA106: =AC106+AH106+AK106+AN106+AQ106+AT106+AW106+AZ106+BC106+BF106+BI106+BL106+BO106 | AB106: 0 | AC106: =Z106-AD106-AE106-AB106 | AE106: 0
A107: PP | B107: 09/11/2023 | C107: NA | D107: 2300162 | E107: PP0021 | F107: Outer Plastic tube (HDPE) with Sponge for Applicator 3ml for Tecnomaco | G107: PP2300017 | H107: NA | M107: NA | O107: NA | U107: 0 | V107: No. | Y107: Dispatched | Z107: =U107-W107 | AA107: =AC107+AH107+AK107+AN107+AQ107+AT107+AW107+AZ107+BC107+BF107+BI107+BL107+BO107 | AB107: 0 | AC107: =Z107-AD107-AE107-AB107 | AE107: 0
A108: PP | B108: 09/11/2023 | C108: NA | D108: 2300163 | E108: PP0022 | F108: Outer Plastic tube (HDPE) with Sponge for Applicator 10.5ml for Tecnomaco | G108: PP2300018 | H108: NA | M108: NA | O108: NA | U108: 0 | V108: No. | Y108: Dispatched | Z108: =U108-W108 | AA108: =AC108+AH108+AK108+AN108+AQ108+AT108+AW108+AZ108+BC108+BF108+BI108+BL108+BO108 | AB108: 0 | AC108: =Z108-AD108-AE108-AB108 | AE108: 0
A109: Bu. | B109: 09/11/2023 | C109: NA | D109: 2300164 | E109: BP0004 | F109: FAS Chlorex 2% Solution | G109: BP2300001 | H109: NA | K109: 07/2023 | M109: 06/2028 | O109: NA | U109: 0 | V109: Kg. | Y109: Dispatched | Z109: =U109-W109 | AA109: =AC109+AH109+AK109+AN109+AQ109+AT109+AW109+AZ109+BC109+BF109+BI109+BL109+BO109 | AB109: 0 | AC109: =Z109-AD109-AE109-AB109 | AE109: 0
A110: RM | B110: 20/11/2023 | C110: SSMC0752023 | D110: 2300165 | E110: RM0023 | F110: Solifenacin Succinate | G110: RM2300024 | H110: Glenmark | J110: 802301019 | K110: 28/01/2023 | M110: NA | O110: 27/01/2027 | U110: 0 | V110: Kg. | Y110: Dispatched | Z110: =U110-W110 | AA110: =AC110+AH110+AK110+AN110+AQ110+AT110+AW110+AZ110+BC110+BF110+BI110+BL110+BO110 | AB110: 0 | AC110: =Z110-AD110-AE110-AB110 | AE110: 0
A111: RM | B111: 27/11/2023 | C111: NA | D111: 2300166 | E111: RM0024 | F111: Lactose Spray Dried [SuperTab 11SD] | G111: RM2300025 | H111: DFE Pharma GmbH & CO.KG | J111: 109J2T5 | K111: 06/2022 | M111: 05/2024 | O111: NA | U111: 0 | V111: Kg. | Y111: Dispatched | Z111: =U111-W111 | AA111: =AC111+AH111+AK111+AN111+AQ111+AT111+AW111+AZ111+BC111+BF111+BI111+BL111+BO111 | AB111: 0 | AC111: =Z111-AD111-AE111-AB111 | AE111: 0
A112: RM | B112: 27/11/2023 | C112: NA | D112: 2300167 | E112: RM0025 | F112: Partially Preglatinized Maize Starch 2001 [Starch 1500] | G112: RM2300026 | H112: Colorcon Limited | J112: IN546084 | K112: 03/11/2021 | L112: 03.11.2021 | M112: NA | N112: NA | O112: 45699 | P112: 02.11.2025 | U112: 0 | V112: Kg. | Z112: 0 | AA112: 0 | AB112: 0 | AC112: 0 | AE112: 0
A113: Bu. | B113: 21/12/2023 | C113: PRO-2023-001 | D113: 2300171 | E113: BP0004 | F113: FAS Chlorex 2% Solution | G113: BP2300003 | H113: Giochemica S.R.L. | J113: O0900 | K113: 08/11/2023 | M113: 07/11/2026 | O113: NA | U113: 0 | V113: Kg. | Y113: Dispatched | Z113: =U113-W113 | AA113: =AC113+AH113+AK113+AN113+AQ113+AT113+AW113+AZ113+BC113+BF113+BI113+BL113+BO113 | AB113: 0 | AC113: =Z113-AD113-AE113-AB113 | AE113: 0
A114: PP | B114: 24/12/2023 | C114: NA | D114: 2300172 | E114: PP0026 | F114: Inner plastic tube (HDPE) for Applicator 3 ml-OMAS | G114: PP2300019 | H114: Idea Stampi S.r.I. | J114: 10549 | K114: 07/11/2023 | M114: 07/11/2025 | O114: NA | U114: 0 | V114: No. | Y114: Dispatched | Z114: =U114-W114 | AA114: =AC114+AH114+AK114+AN114+AQ114+AT114+AW114+AZ114+BC114+BF114+BI114+BL114+BO114 | AB114: 0 | AC114: =Z114-AD114-AE114-AB114 | AE114: 0
A115: PP | B115: 24/12/2023 | C115: NA | D115: 2300173 | E115: PP0027 | F115: Inner plastic tube (HDPE) for Applicator 10.5 ml-OMAS | G115: PP2300020 | H115: Idea Stampi S.r.I. | J115: 10550 | K115: 07/11/2023 | M115: 07/11/2025 | O115: NA | U115: 0 | V115: No. | Y115: Dispatched | Z115: =U115-W115 | AA115: =AC115+AH115+AK115+AN115+AQ115+AT115+AW115+AZ115+BC115+BF115+BI115+BL115+BO115 | AB115: 0 | AC115: =Z115-AD115-AE115-AB115 | AE115: 0
A116: PP | B116: 24/12/2023 | C116: NA | D116: 2300174 | E116: PP0028 | F116: Inner plastic tube (HDPE) for Applicator 26 ml-OMAS | G116: PP2300021 | H116: Idea Stampi S.r.I. | J116: 10551 | K116: 07/11/2023 | M116: 07/11/2025 | O116: NA | U116: 0 | V116: No. | Y116: Dispatched | Z116: =U116-W116 | AA116: =AC116+AH116+AK116+AN116+AQ116+AT116+AW116+AZ116+BC116+BF116+BI116+BL116+BO116 | AB116: 0 | AC116: =Z116-AD116-AE116-AB116 | AE116: 0
A117: PP | B117: 24/12/2023 | C117: NA | D117: 2300175 | E117: PP0032 | F117: Outer plastic tube (HDPE) for Applicator 3 ml-OMAS | G117: PP2300022 | H117: Idea Stampi S.r.I. | J117: 10548 | K117: 07/11/2023 | M117: 07/11/2025 | O117: NA | U117: 0 | V117: No. | Y117: Dispatched | Z117: =U117-W117 | AA117: =AC117+AH117+AK117+AN117+AQ117+AT117+AW117+AZ117+BC117+BF117+BI117+BL117+BO117 | AB117: 0 | AC117: =Z117-AD117-AE117-AB117 | AE117: 0
A118: PP | B118: 24/12/2023 | C118: NA | D118: 2300176 | E118: PP0033 | F118: Outer plastic tube (HDPE) for Applicator 10.5 ml-OMAS | G118: PP2300023 | H118: Idea Stampi S.r.I. | J118: 10553 | K118: 07/11/2023 | M118: 07/11/2025 | O118: NA | U118: 0 | V118: No. | Y118: Dispatched | Z118: =U118-W118 | AA118: =AC118+AH118+AK118+AN118+AQ118+AT118+AW118+AZ118+BC118+BF118+BI118+BL118+BO118 | AB118: 0 | AC118: =Z118-AD118-AE118-AB118 | AE118: 0
A119: PP | B119: 24/12/2023 | C119: NA | D119: 2300177 | E119: PP0034 | F119: Outer plastic tube (HDPE) for Applicator 26 ml-OMAS | G119: PP2300024 | H119: Idea Stampi S.r.I. | J119: 10552 | K119: 07/11/2023 | M119: 07/11/2025 | O119: NA | U119: 0 | V119: No. | Y119: Dispatched | Z119: =U119-W119 | AA119: =AC119+AH119+AK119+AN119+AQ119+AT119+AW119+AZ119+BC119+BF119+BI119+BL119+BO119 | AB119: 0 | AC119: =Z119-AD119-AE119-AB119 | AE119: 0
A120: PP | B120: 25/12/2023 | C120: PRO-2023-002 REV2 | D120: 2300178 | E120: PP0029 | F120: Medical Sponge size: 42X32X10mm for Applicator | G120: PP2300025 | H120: CRM S.r.I. | J120: 002 | K120: 11/2023 | M120: 11/2025 | O120: NA | U120: 0 | V120: No. | Y120: Dispatched | Z120: =U120-W120 | AA120: =AC120+AH120+AK120+AN120+AQ120+AT120+AW120+AZ120+BC120+BF120+BI120+BL120+BO120 | AB120: 0 | AC120: =Z120-AD120-AE120-AB120 | AE120: 0
A121: PP | B121: 25/12/2023 | C121: PRO-2023-002 REV2 | D121: 2300179 | E121: PP0030 | F121: Medical Sponge size: 50X38X15mm for Applicator | G121: PP2300026 | H121: CRM S.r.I. | J121: 002 | K121: 11/2023 | M121: 11/2025 | O121: NA | U121: 0 | V121: No. | Y121: Dispatched | Z121: =U121-W121 | AA121: =AC121+AH121+AK121+AN121+AQ121+AT121+AW121+AZ121+BC121+BF121+BI121+BL121+BO121 | AB121: 0 | AC121: =Z121-AD121-AE121-AB121 | AE121: 0
A122: PP | B122: 25/12/2023 | C122: PRO-2023-002 REV2 | D122: 2300180 | E122: PP0031 | F122: Medical Sponge size: 54X54X18mm for Applicator | G122: PP2300027 | H122: CRM S.r.I. | J122: 002 | K122: 11/2023 | M122: 11/2025 | O122: NA | U122: 0 | V122: No. | Y122: Dispatched | Z122: =U122-W122 | AA122: =AC122+AH122+AK122+AN122+AQ122+AT122+AW122+AZ122+BC122+BF122+BI122+BL122+BO122 | AB122: 0 | AC122: =Z122-AD122-AE122-AB122 | AE122: 0
A123: PP | B123: 26/12/2023 | C123: PRO-2023-002 REV2 | D123: 2300181 | E123: PP0024 | F123: Aluminum Seal Disc PE-Coat- D: 18mm | G123: PP2300028 | H123: Ballerstaedt & Co. OHG | J123: 52584 | K123: 11/12/2023 | M123: 11/06/2025 | O123: NA | U123: 0 | V123: No. | Y123: Dispatched | Z123: =U123-W123 | AA123: =AC123+AH123+AK123+AN123+AQ123+AT123+AW123+AZ123+BC123+BF123+BI123+BL123+BO123 | AB123: 0 | AC123: =Z123-AD123-AE123-AB123 | AE123: 0
A124: PP | B124: 26/12/2023 | C124: PRO-2023-002 REV2 | D124: 2300182 | E124: PP0025 | F124: Aluminum Seal Disc PE-Coat -D: 24mm | G124: PP2300029 | H124: Ballerstaedt & Co. OHG | J124: 54327 | K124: 11/12/2023 | M124: 11/06/2025 | O124: NA | U124: 0 | V124: No. | Y124: Dispatched | Z124: =U124-W124 | AA124: =AC124+AH124+AK124+AN124+AQ124+AT124+AW124+AZ124+BC124+BF124+BI124+BL124+BO124 | AB124: 0 | AC124: =Z124-AD124-AE124-AB124 | AE124: 0
... A127: PP | B127: 31/12/2023 | C127: PRO-2023-002 REV2 | D127: 2300185 | E127: PP0036 | F127: Regulator Disc [D 18/L 6mm] PP/PE fiber 0.08g/cm3-Applicator 10.5ml | G127: PP2300032 | H127: Porex Technologies Reinbek GmbH | J127: 001002-001004 | K127: 04/12/2023 | M127: 04/12/2025 | O127: NA | U127: 0 | V127: No. | Y127: Dispatched | Z127: =U127-W127 | AA127: =AC127+AH127+AK127+AN127+AQ127+AT127+AW127+AZ127+BC127+BF127+BI127+BL127+BO127 | AB127: 0 | AC127: =Z127-AD127-AE127-AB127 | AE127: 0
A128: SPM | B128: 45299 | C128: Euro-2023-001 | D128: 2400001 | E128: SP0085 | F128: Label-FAS Chlorex Sterile Solution 2% Clear-3ml [Size 6 cm x 5 cm] | G128: SP2400001 | H128: Eurolabel S.r.I | J128: 3342843338 | K128: 18/12/2023 | M128: 18/12/2025 | O128: NA | U128: 0 | V128: No. | Y128: Dispatched | Z128: =U128-W128 | AA128: =AC128+AH128+AK128+AN128+AQ128+AT128+AW128+AZ128+BC128+BF128+BI128+BL128+BO128 | AB128: 0 | AC128: =Z128-AD128-AE128-AB128 | AE128: 0
A129: SPM | B129: 45299 | C129: Euro-2023-001 | D129: 2400002 | E129: SP0090 | F129: Label-FAS Chlorex Sterile Solution 2% Clear-10.5ml [Size 6.5 cm x 6 cm] | G129: SP2400002 | H129: Eurolabel S.r.I | J129: 3342843342 | K129: 18/12/2023 | M129: 18/12/2025 | O129: NA | U129: 0 | V129: No. | Y129: Dispatched | Z129: =U129-W129 | AA129: =AC129+AH129+AK129+AN129+AQ129+AT129+AW129+AZ129+BC129+BF129+BI129+BL129+BO129 | AB129: 0 | AC129: =Z129-AD129-AE129-AB129 | AE129: 0
A130: SPM | B130: 45299 | C130: Euro-2023-001 | D130: 2400003 | E130: SP0092 | F130: Label-FAS Chlorex Sterile Solution 2% Clear-26ml [Size 7.5 cm x 7 cm] | G130: SP2400003 | H130: Eurolabel S.r.I | J130: 3342843343 | K130: 18/12/2023 | M130: 18/12/2025 | O130: NA | U130: 0 | V130: No. | Y130: Dispatched | Z130: =U130-W130 | AA130: =AC130+AH130+AK130+AN130+AQ130+AT130+AW130+AZ130+BC130+BF130+BI130+BL130+BO130 | AB130: 0 | AC130: =Z130-AD130-AE130-AB130 | AE130: 0
A131: PP | B131: 45302 | C131: PRO-2023-004 | D131: 2400004 | E131: PP0040 | F131: Swab Non-sterile plastic shaft and rayon tip | G131: PP2400001 | H131: Microbiotech S.R.L | J131: 23.03.31 | K131: 03/2023 | M131: 03/2028 | O131: NA | U131: 0 | V131: No. | Y131: Dispatched | Z131: =U131-W131 | AA131: =AC131+AH131+AK131+AN131+AQ131+AT131+AW131+AZ131+BC131+BF131+BI131+BL131+BO131 | AB131: 0 | AC131: =Z131-AD131-AE131-AB131 | AE131: 0
A132: PP | B132: 45302 | C132: IDEA-2023-001 | D132: 2400005 | E132: PP0026 | F132: Inner plastic tube (HDPE) for Applicator 3 ml-OMAS | G132: PP2400002 | H132: Idea Stampi S.r.I. | J132: 10663 | K132: 11/2023 | M132: 11/2025 | O132: NA | U132: 0 | V132: No. | Y132: Dispatched | Z132: =U132-W132 | AA132: =AC132+AH132+AK132+AN132+AQ132+AT132+AW132+AZ132+BC132+BF132+BI132+BL132+BO132 | AB132: 0 | AC132: =Z132-AD132-AE132-AB132 | AE132: 0
A133: PP | B133: 45302 | C133: IDEA-2023-001 | D133: 2400006 | E133: PP0032 | F133: Outer plastic tube (HDPE) for Applicator 3 ml-OMAS | G133: PP2400003 | H133: Idea Stampi S.r.I. | J133: 10679 | K133: 11/2023 | M133: 11/2025 | O133: NA | U133: 0 | V133: No. | Y133: Dispatched | Z133: =U133-W133 | AA133: =AC133+AH133+AK133+AN133+AQ133+AT133+AW133+AZ133+BC133+BF133+BI133+BL133+BO133 | AB133: 0 | AC133: =Z133-AD133-AE133-AB133 | AE133: 0
A134: PP | B134: 45302 | C134: IDEA-2023-001 | D134: 2400007 | E134: PP0032 | F134: Outer plastic tube (HDPE) for Applicator 3 ml-OMAS | G134: PP2400004 | H134: Idea Stampi S.r.I. | J134: 10680 | K134: 11/2023 | M134: 11/2025 | O134: NA | U134: 0 | V134: No. | Y134: Dispatched | Z134: =U134-W134 | AA134: =AC134+AH134+AK134+AN134+AQ134+AT134+AW134+AZ134+BC134+BF134+BI134+BL134+BO134 | AB134: 0 | AC134: =Z134-AD134-AE134-AB134 | AE134: 0
A135: PP | B135: 45302 | C135: IDEA-2023-001 | D135: 2400008 | E135: PP0027 | F135: Inner plastic tube (HDPE) for Applicator 10.5 ml-OMAS | G135: PP2400005 | H135: Idea Stampi S.r.I. | J135: 10697 | K135: 11/2023 | M135: 11/2025 | O135: NA | U135: 0 | V135: No. | Y135: Dispatched | Z135: =U135-W135 | AA135: =AC135+AH135+AK135+AN135+AQ135+AT135+AW135+AZ135+BC135+BF135+BI135+BL135+BO135 | AB135: 0 | AC135: =Z135-AD135-AE135-AB135 | AE135: 0
A136: PP | B136: 45302 | C136: IDEA-2023-001 | D136: 2400009 | E136: PP0028 | F136: Inner plastic tube (HDPE) for Applicator 26 ml-OMAS | G136: PP2400006 | H136: Idea Stampi S.r.I. | J136: 10698 | K136: 11/2023 | M136: 11/2025 | O136: NA | U136: 0 | V136: No. | Y136: Dispatched | Z136: =U136-W136 | AA136: =AC136+AH136+AK136+AN136+AQ136+AT136+AW136+AZ136+BC136+BF136+BI136+BL136+BO136 | AB136: 0 | AC136: =Z136-AD136-AE136-AB136 | AE136: 0
A137: PP | B137: 45302 | C137: IDEA-2023-001 | D137: 2400010 | E137: PP0033 | F137: Outer plastic tube (HDPE) for Applicator 10.5 ml-OMAS | G137: PP2400007 | H137: Idea Stampi S.r.I. | J137: 10689 | K137: 11/2023 | M137: 11/2025 | O137: NA | U137: 0 | V137: No. | Y137: Dispatched | Z137: =U137-W137 | AA137: =AC137+AH137+AK137+AN137+AQ137+AT137+AW137+AZ137+BC137+BF137+BI137+BL137+BO137 | AB137: 0 | AC137: =Z137-AD137-AE137-AB137 | AE137: 0
A138: PP | B138: 45302 | C138: IDEA-2023-001 | D138: 2400011 | E138: PP0034 | F138: Outer plastic tube (HDPE) for Applicator 26 ml-OMAS | G138: PP2400008 | H138: Idea Stampi S.r.I. | J138: 10690 | K138: 11/2023 | M138: 11/2025 | O138: NA | U138: 0 | V138: No. | Y138: Dispatched | Z138: =U138-W138 | AA138: =AC138+AH138+AK138+AN138+AQ138+AT138+AW138+AZ138+BC138+BF138+BI138+BL138+BO138 | AB138: 0 | AC138: =Z138-AD138-AE138-AB138 | AE138: 0
A139: Bu. | B139: 21/01/2024 | D139: 2400013 | E139: BP0005 | F139: FAS Chlorex 1% Solution | G139: BP2400002 | H139: Giochemica S.R.L. | J139: O1012 | K139: 12/2023 | M139: 12/2026 | O139: NA | U139: 0 | V139: Kg. | Y139: Dispatched | Z139: =U139-W139 | AA139: =AC139+AH139+AK139+AN139+AQ139+AT139+AW139+AZ139+BC139+BF139+BI139+BL139+BO139 | AB139: 0 | AC139: =Z139-AD139-AE139-AB139 | AE139: 0
A140: Bu. | B140: 21/01/2024 | D140: 2400014 | E140: BP0004 | F140: FAS Chlorex 2% Solution | G140: BP2400003 | H140: Giochemica S.R.L. | J140: O1013 | K140: 12/2023 | M140: 12/2026 | O140: NA | U140: 0 | V140: Kg. | Y140: Dispatched | Z140: =U140-W140 | AA140: =AC140+AH140+AK140+AN140+AQ140+AT140+AW140+AZ140+BC140+BF140+BI140+BL140+BO140 | AB140: 0 | AC140: =Z140-AD140-AE140-AB140 | AE140: 0
A141: SPM | B141: 25/01/2024 | C141: Euro-2023-001 | D141: 2400019 | E141: SP0093 | F141: Label-FAS Chlorex Sterile Solution 2% Tinted-26ml [Size 7.5 cm x 7 cm] | G141: SP2400008 | H141: Eurolabel S.r.I | J141: 3342843344 | K141: 18/12/2023 | M141: 18/12/2025 | O141: NA | U141: 0 | V141: No. | Y141: Dispatched | Z141: =U141-W141 | AA141: =AC141+AH141+AK141+AN141+AQ141+AT141+AW141+AZ141+BC141+BF141+BI141+BL141+BO141 | AB141: 0 | AC141: =Z141-AD141-AE141-AB141 | AE141: 0
A142: SPM | B142: 25/01/2024 | C142: Euro-2023-001 | D142: 2400020 | E142: SP0088 | F142: Label-FAS Chlorex Sterile Solution 0.5% Clear-3ml [Size 6 cm x 5 cm] | G142: SP2400009 | H142: Eurolabel S.r.I | J142: 3342843340 | K142: 18/12/2023 | M142: 18/12/2025 | O142: NA | U142: 0 | V142: No. | Y142: Dispatched | Z142: =U142-W142 | AA142: =AC142+AH142+AK142+AN142+AQ142+AT142+AW142+AZ142+BC142+BF142+BI142+BL142+BO142 | AB142: 0 | AC142: =Z142-AD142-AE142-AB142 | AE142: 0
A143: PP | B143: 28/01/2024 | C143: PRO-2023-002 REV1 | D143: 2400021 | E143: PP0029 | F143: Medical Sponge size: 42X32X10mm for Applicator | G143: PP2400009 | H143: CRM S.r.I. | J143: 003 | K143: 11/2023 | M143: 11/2025 | O143: NA | U143: 0 | V143: No. | Y143: Dispatched | Z143: =U143-W143 | AA143: =AC143+AH143+AK143+AN143+AQ143+AT143+AW143+AZ143+BC143+BF143+BI143+BL143+BO143 | AB143: 0 | AC143: =Z143-AD143-AE143-AB143 | AE143: 0
A144: PP | B144: 28/01/2024 | C144: PRO-2023-002 REV1 | D144: 2400022 | E144: PP0030 | F144: Medical Sponge size: 50X38X15mm for Applicator | G144: PP2400010 | H144: CRM S.r.I. | J144: 003 | K144: 11/2023 | M144: 11/2025 | O144: NA | U144: 0 | V144: No. | Y144: Dispatched | Z144: =U144-W144 | AA144: =AC144+AH144+AK144+AN144+AQ144+AT144+AW144+AZ144+BC144+BF144+BI144+BL144+BO144 | AB144: 0 | AC144: =Z144-AD144-AE144-AB144 | AE144: 0
A145: PP | B145: 45326 | C145: PRO-2023-002 REV1 | D145: 2400023 | E145: PP0031 | F145: Medical Sponge size: 54X54X18mm for Applicator | G145: PP2400011 | H145: CRM S.r.I. | J145: 003 | K145: 12/2023 | M145: 12/2025 | O145: NA | U145: 0 | V145: No. | Y145: Dispatched | Z145: =U145-W145 | AA145: =AC145+AH145+AK145+AN145+AQ145+AT145+AW145+AZ145+BC145+BF145+BI145+BL145+BO145 | AB145: 0 | AC145: =Z145-AD145-AE145-AB145 | AE145: 0
A146: PP | B146: 45326 | C146: PRO-2023-002 REV1 | D146: 2400024 | E146: PP0031 | F146: Medical Sponge size: 54X54X18mm for Applicator | G146: PP2400012 | H146: CRM S.r.I. | J146: 003 | K146: 12/2023 | M146: 12/2025 | O146: NA | U146: 0 | V146: No. | Y146: Dispatched | Z146: =U146-W146 | AA146: =AC146+AH146+AK146+AN146+AQ146+AT146+AW146+AZ146+BC146+BF146+BI146+BL146+BO146 | AB146: 0 | AC146: =Z146-AD146-AE146-AB146 | AE146: 0
A147: PP | B147: 45326 | C147: PRO-2023-002 REV1 | D147: 2400025 | E147: PP0029 | F147: Medical Sponge size: 42X32X10mm for Applicator | G147: PP2400013 | H147: CRM S.r.I. | J147: 003 | K147: 12/2023 | M147: 12/2025 | O147: NA | U147: 0 | V147: No. | Y147: Dispatched | Z147: =U147-W147 | AA147: =AC147+AH147+AK147+AN147+AQ147+AT147+AW147+AZ147+BC147+BF147+BI147+BL147+BO147 | AB147: 0 | AC147: =Z147-AD147-AE147-AB147 | AE147: 0
A148: PP | B148: 45326 | C148: NA | D148: 2400026 | E148: PP0040 | F148: Swab Non-sterile plastic shaft and rayon tip | G148: PP2400014 | H148: Microbiotech S.R.L | J148: 23.03.31 | K148: 03/2023 | M148: 03/2028 | O148: NA | U148: 0 | V148: No. | Y148: Dispatched | Z148: =U148-W148 | AA148: =AC148+AH148+AK148+AN148+AQ148+AT148+AW148+AZ148+BC148+BF148+BI148+BL148+BO148 | AB148: 0 | AC148: =Z148-AD148-AE148-AB148 | AE148: 0
A149: PP | B149: 45328 | C149: NA | D149: 2400028 | E149: PP0036 | F149: Regulator Disc [D 18/L 6mm] PP/PE fiber 0.08g/cm3-Applicator 10.5ml | G149: PP2400016 | H149: Porex Technologies Reinbek GmbH | J149: 001002-001004 | K149: 05/12/2023 | M149: 05/12/2025 | O149: NA | U149: 0 | V149: No. | Y149: Dispatched | Z149: =U149-W149 | AA149: =AC149+AH149+AK149+AN149+AQ149+AT149+AW149+AZ149+BC149+BF149+BI149+BL149+BO149 | AB149: 0 | AC149: =Z149-AD149-AE149-AB149 | AE149: 0
A150: PP | B150: 45328 | C150: NA | D150: 2400029 | E150: PP0024 | F150: Aluminum Seal Disc PE-Coat- D: 18mm | G150: PP2400017 | H150: Ballerstaedt & Co. OHG | J150: 52584 | K150: 11/06/2023 | M150: 11/06/2025 | O150: NA | U150: 0 | V150: No. | Y150: Dispatched | Z150: =U150-W150 | AA150: =AC150+AH150+AK150+AN150+AQ150+AT150+AW150+AZ150+BC150+BF150+BI150+BL150+BO150 | AB150: 0 | AC150: =Z150-AD150-AE150-AB150 | AE150: 0
A151: PP | B151: 45328 | C151: NA | D151: 2400030 | E151: PP0025 | F151: Aluminum Seal Disc PE-Coat -D: 24mm | G151: PP2400018 | H151: Ballerstaedt & Co. OHG | J151: 54327 | K151: 11/06/2023 | M151: 11/06/2025 | O151: NA | U151: 0 | V151: No. | Y151: Dispatched | Z151: =U151-W151 | AA151: =AC151+AH151+AK151+AN151+AQ151+AT151+AW151+AZ151+BC151+BF151+BI151+BL151+BO151 | AB151: 0 | AC151: =Z151-AD151-AE151-AB151 | AE151: 0
A152: PP | B152: 45328 | C152: NA | D152: 2400031 | E152: PP0023 | F152: Aluminum Seal Disk PE-Coat- D: 15.8mm | G152: PP2400019 | H152: Ballerstaedt & Co. OHG | J152: 23449 | K152: 11/06/2023 | M152: 11/06/2025 | O152: NA | U152: 0 | V152: No. | Y152: Dispatched | Z152: =U152-W152 | AA152: =AC152+AH152+AK152+AN152+AQ152+AT152+AW152+AZ152+BC152+BF152+BI152+BL152+BO152 | AB152: 0 | AC152: =Z152-AD152-AE152-AB152 | AE152: 0
A153: SPM | B153: 45330 | C153: Euro-2023-001 | D153: 2400032 | E153: SP0085 | F153: Label-FAS Chlorex Sterile Solution 2% Clear-3ml [Size 6 cm x 5 cm] | G153: SP2400010 | H153: Eurolabel S.r.I | J153: 3342843338 | K153: 18/12/2023 | M153: 18/12/2025 | O153: NA | U153: 0 | V153: No. | Y153: Dispatched | Z153: =U153-W153 | AA153: =AC153+AH153+AK153+AN153+AQ153+AT153+AW153+AZ153+BC153+BF153+BI153+BL153+BO153 | AB153: 0 | AC153: =Z153-AD153-AE153-AB153 | AE153: 0
A154: SP | B154: 45330 | C154: Euro-2023-001 | D154: 2400033 | E154: SP0090 | F154: Label-FAS Chlorex Sterile Solution 2% Clear-10.5ml [Size 6.5 cm x 6 cm] | G154: SP2400011 | H154: Eurolabel S.r.I | J154: 3342843342 | K154: 18/12/2023 | L154: 18.12.2023 | M154: 18/12/2025 | N154: 18.12.2025 | O154: NA | P154: NA | Q154: 15.02.2026 | U154: 89207 | V154: No. | Z154: 89207 | AA154: 0 | AB154: 0 | AC154: 89207 | AE154: 0 | AF154: 29.06.2025 | AG154: L25F007 | AH154: -56000 | AI154: 02.07.2025 | AJ154: R-MR250110 | AK154: 820 | AL154: 09.07.2025 | AM154: MR250128 | AN154: -820 | AO154: 14.07.2025 | AP154: R-L25F007 | AQ154: 452 | AR154: 23.07.2025 | AS154: L25G009 | AT154: -28000 | AU154: 28.08.2025 | AV154: R-L25G009 | AW154: 2250 | AX154: 25.09.2025 | AY154: L25I011 | AZ154: -7909
A155: SPM | B155: 45330 | C155: Euro-2023-001 | D155: 2400034 | E155: SP0092 | F155: Label-FAS Chlorex Sterile Solution 2% Clear-26ml [Size 7.5 cm x 7 cm] | G155: SP2400012 | H155: Eurolabel S.r.I | J155: 3342843343 | K155: 18/12/2023 | M155: 18/12/2025 | O155: NA | U155: 0 | V155: No. | Y155: Dispatched | Z155: =U155-W155 | AA155: =AC155+AH155+AK155+AN155+AQ155+AT155+AW155+AZ155+BC155+BF155+BI155+BL155+BO155 | AB155: 0 | AC155: =Z155-AD155-AE155-AB155 | AE155: 0
A156: SPM | B156: 45330 | C156: Euro-2023-001 | D156: 2400037 | E156: SP0093 | F156: Label-FAS Chlorex Sterile Solution 2% Tinted-26ml [Size 7.5 cm x 7 cm] | G156: SP2400015 | H156: Eurolabel S.r.I | J156: 3342843344 | K156: 18/12/2023 | M156: 18/12/2025 | O156: NA | U156: 0 | V156: No. | Y156: Dispatched | Z156: =U156-W156 | AA156: =AC156+AH156+AK156+AN156+AQ156+AT156+AW156+AZ156+BC156+BF156+BI156+BL156+BO156 | AB156: 0 | AC156: =Z156-AD156-AE156-AB156 | AE156: 0
A157: RM | B157: 45333 | C157: NA | D157: 2400039 | E157: RM0024 | F157: Lactose Spray Dried [SuperTab 11SD] | G157: RM2400001 | H157: DFE Pharma GmbH & CO.KG | J157: 10C78PR | K157: 08/2023 | L157: 00.08.2023 | M157: 07/2025 | N157: 00.07.2025 | O157: NA | P157: NA | U157: 0 | V157: Kg. | Z157: 0 | AA157: 0 | AB157: 0 | AC157: 0 | AE157: 0
...

Sheet Historical I & A
A1: Item Category | B1: Rec. Date | C1: Doc. No. | D1: Item Code | E1: Batch No. | F1: Item Name | G1: Manf. Date | H1: Exp. Date | I1: Remarks | J1: Received QTY | K1: Sampled Qty | L1: Bigening Qty | M1: Unit | N1: Total stock Qty | O1: Current Released | P1: Quarantine | Q1: Released | R1: Restricted | S1: Reject | T1: Date (1) | U1: Doc No. (1) | V1: Qty (1) | W1: Date (2) | X1: Doc No. (2) | Y1: Qty (2) | Z1: Date (3) | AA1: Doc No. (3) | AB1: Qty (3) | AC1: Date (4) | AD1: Doc No. (4) | AE1: Qty (4) | AF1: Date (5) | AG1: Doc No. (5) | AH1: Qty (5) | AI1: Date (6) | AJ1: Doc No. (6) | AK1: Qty (6) | AL1: Date (7) | AM1: Doc No. (7) | AN1: Qty (7) | AO1: Date (8) | AP1: Doc No. (8) | AQ1: Qty (8) | AR1: Date (9) | AS1: Doc No. (9) | AT1: Qty (9) | AU1: Date (10) | AV1: Doc No. (10) | AW1: Qty (10) | AX1: Date (11) | AY1: Doc No. (11) | AZ1: Qty (11) | BA1: Date (12) | BB1: Doc No. (12) | BC1: Qty (12)
A2: Inner | D2: BP0017 | E2: 25IBP006 | F2: Inner filled tube 81*15mm FAS Chlorex 2% | G2: February.-2025 | H2: February.-2028 | I2: Dispached | J2: 33500 | L2: =J2-K2 | N2: =P2+Q2+R2+S2 | O2: =Q2+V2+Y2+AB2+AE2+AH2+AK2+AN2+AQ2+AT2+AW2+AZ2+BC2 | Q2: =L2-S2-R2-P2 | T2: 26-05-2025 | U2: L25006 | V2: -33500
A3: Assambled | D3: PP0053 | E3: 24IPP027 | F3: Assembled Outer Tube (105*15mm) for OMAS applicator Tinted | G3: 45536 | H3: 45992 | J3: 3805 | L3: 3805 | M3: No. | N3: 3805 | O3: 0 | Q3: 3805 | T3: 19.06.2025 | U3: L25F003 | V3: -3805
A4: Assambled | D4: PP0050 | E4: 24IPP026 | F4: Assembled Outer Tube (155*23mm) for OMAS applicator Tinted | G4: 45536 | H4: 45992 | J4: 15524 | L4: 15524 | M4: No. | N4: 15524 | O4: 0 | Q4: 15524 | T4: 16.07.2025 | U4: MR250133 | V4: -50 | W4: 17.07.2025 | X4: L25G006 | Y4: -4550 | Z4: 20.07.2025 | AA4: L25G007 | AB4: -10924
A5: Assambled | D5: PP0039 | E5: 24IPP034 | F5: Assembled Outer Tube (155*23mm) for OMAS applicator clear | G5: 45627 | H5: 45658 | J5: 4109 | L5: 4109 | M5: No. | N5: 4109 | O5: 0 | Q5: 4109 | T5: 02.06.2025 | U5: MR250110 | V5: -50 | W5: 28.07.2025 | X5: L25G011 | Y5: -3080 | Z5: 28.07.2025 | AA5: L25G012 | AB5: -979
A6: Assambled | D6: PP0038 | E6: 25IPP006 | F6: Assembled Outer Tube (128*18mm) for OMAS applicator | G6: January.-2025 | H6: December.-2025 | J6: 350 | L6: 350 | M6: No. | N6: 350 | O6: 0 | Q6: 350 | T6: 29.06.2025 | U6: L25F007 | V6: -350
A7: Assambled | D7: PP0037 | E7: 25IPP008 | F7: Assembled Outer Tube (105*15mm) for OMAS applicator Clear | G7: 45748 | H7: 46357 | J7: 28961 | K7: 0 | L7: 28961 | M7: No. | N7: 28961 | O7: 0 | P7: 0 | Q7: 28961 | T7: 02.06.2025 | U7: MR250110 | V7: -50 | W7: 22.06.2025 | X7: L25F002 | Y7: 49 | Z7: 30.06.2025 | AA7: L25F009 | AB7: -6800 | AC7: 30.06.2025 | AD7: L25F008 | AE7: -6773 | AG7: R | AH7: 100 | AJ7: R | AK7: 113 | AL7: 07.07.2025 | AM7: R-L25F008 | AN7: 341 | AO7: 07.07.2025 | AP7: R-L25F009 | AQ7: 226 | AR7: 10.07.2025 | AS7: L25G004 | AT7: -6607 | AU7: 22.07.2025 | AV7: L25G008 | AW7: -9600 | AY7: R | AZ7: 40
A8: Assambled | D8: PP0038 | E8: 25IPP010 | F8: Assembled Outer Tube (128*18mm) for OMAS applicator | G8: May.-2025 | H8: December.-2025 | J8: 54662 | L8: 54662 | M8: No. | N8: 54662 | O8: 0 | P8: 0 | Q8: 54662 | T8: 29.06.2025 | U8: L25F007 | V8: -54662
A9: Assambled | B9: 19.06.2025 | C9: 848 | D9: PP0053 | E9: 25IPP012 | F9: Assembled Outer Tube (105*15mm) for OMAS applicator Tinted | G9: 45809 | H9: 46446 | J9: 7984 | L9: 7984 | M9: No. | N9: 7984 | O9: 0 | Q9: 7984 | T9: 19.06.2025 | U9: L25F003 | V9: -1984 | W9: 24.07.2025 | X9: L25G010 | Y9: -6000
A10: Inner | B10: 23.06.2025 | C10: 860 | D10: BP0047 | E10: 25IBP016 | F10: FAS CHLOREX 2% Inner tube 1 ml tecnemaco | G10: 45809 | H10: 46905 | I10: Dispatched | J10: 12000 | L10: 12000 | M10: No. | N10: 12000 | O10: 0 | Q10: 12000 | T10: 23.06.2025 | U10: L25F005 | V10: -12000
A11: Inner | B11: 26.06.2025 | C11: 865 | D11: BP0047 | E11: 25IBP016 | F11: FAS CHLOREX 2% Inner tube 1 ml tecnemaco | G11: 45809 | H11: 46905 | J11: 40500 | L11: 40500 | M11: No. | N11: 40500 | O11: 0 | Q11: 40500 | T11: 23.06.2025 | U11: L25F005 | V11: -40500 | Y11: 0
A12: Inner | B12: 29.06.2025 | C12: 866 | D12: BP0048 | E12: 25IBP017 | F12: FAS CHLOREX 2% Inner filled tube 81* 133mm | G12: 45809 | H12: 46905 | J12: 6500 | L12: 6500 | M12: No. | N12: 6500 | O12: 0 | Q12: 6500 | T12: 30.06.2025 | U12: L25F008 | V12: -6500
A13: Inner | B13: 30.06.2025 | C13: 871 | D13: BP0021 | E13: 25IBP018 | F13: FAS CHLOREX 0.5% Inner filled tube 81* 13mm 3ML | G13: 45809 | H13: 46905 | J13: 6550 | L13: 6550 | M13: No. | N13: 6550 | O13: 0 | Q13: 6550 | T13: 30.06.2025 | U13: L25F009 | V13: -6550
A14: Inner | B14: 02.07.2025 | C14: 876 | D14: BP0022 | E14: 25IBP019 | F14: FAS CHLOREX 0.5% Inner filled tube 100* 18mm 10.5ML | G14: 45809 | H14: 46905 | J14: 5670 | L14: 5670 | M14: No. | N14: 5670 | O14: 0 | Q14: 5670 | T14: 09.07.2025 | U14: L25G002 | V14: -5670
A15: Inner | B15: 03.07.2025 | C15: 878 | D15: BP0019 | E15: 25IBP020 | F15: FAS CHLOREX 1% Inner filled tube 100*18mm 10.5 ml | G15: july.-2025 | H15: july.-2028 | J15: 5650 | L15: 5650 | M15: No. | N15: 5650 | O15: 0 | Q15: 5650 | T15: 09.07.2025 | U15: L25G003 | V15: -5650
A16: Inner | B16: 09.07.2025 | C16: 890 | D16: BP0039 | E16: 25IBP022 | F16: FAS CHLOREX 1% INNER FILLED TUBE 77*11MM 3ML Tecnomaco | G16: 45839 | H16: 46935 | J16: 26550 | L16: 26550 | M16: No. | N16: 26550 | O16: 0 | Q16: 26550 | T16: 15.07.2025 | U16: L25G005 | V16: -26550
A17: Assambled | B17: 23.07.2025 | C17: 912 | D17: PP0038 | E17: 25IPP014 | F17: Assembled Outer Tube (128*18mm) for OMAS applicator | G17: 45839 | H17: 46023 | J17: 24150 | L17: 24150 | M17: No. | N17: 24150 | O17: 0 | Q17: 24150 | T17: 23.07.2025 | U17: L25G009 | V17: -24150
A18: Assambled | B18: 31.07.2025 | C18: 939 | D18: PP0053 | E18: 25IPP015 | F18: Assembled Outer Tube (105*15mm) for OMAS applicator Tinted | G18: 45839 | H18: 46446 | J18: 10000 | L18: 10000 | M18: No. | N18: 10000 | O18: 0 | Q18: 10000 | T18: 31.07.2025 | U18: L25G013 | V18: -10000 | Y18: 0
A19: Inner | D19: BP0016 | E19: 25IBP010 | F19: Inner filled tube-FAS Chlorex 2% Sterile Solution-118X23mm | G19: April.-2025 | H19: April.-2028 | I19: Pending | J19: 7580 | L19: =J19-K19 | M19: No. | N19: =P19+Q19+R19+S19 | O19: =Q19+V19+Y19+AB19+AE19+AH19+AK19+AN19+AQ19+AT19+AW19+AZ19+BC19 | Q19: =L19-S19-R19-P19 | T19: 17.07.2025 | U19: L25G006 | V19: -4500 | W19: 28.07.2025 | X19: L25G011 | Y19: -3080
A20: Assambled | B20: 03.08.2025 | C20: 948 | D20: PP0053 | E20: 25IPP015 | F20: Assembled Outer Tube (105*15mm) for OMAS applicator Tinted | G20: 45839 | H20: 46446 | J20: 9200 | L20: =J20-K20 | N20: =P20+Q20+R20+S20 | O20: =Q20+V20+Y20+AB20+AE20+AH20+AK20+AN20+AQ20+AT20+AW20+AZ20+BC20 | Q20: =L20-S20-R20-P20 | T20: 03.08.2025 | U20: L25G013 | V20: -9200
A21: Assambled | B21: 04.08.2025 | C21: 950 | D21: PP0053 | E21: 25IPP015 | F21: Assembled Outer Tube (105*15mm) for OMAS applicator Tinted | G21: 45839 | H21: 46446 | J21: 1200 | L21: =J21-K21 | N21: 1200 | O21: =Q21+V21+Y21+AB21+AE21+AH21+AK21+AN21+AQ21+AT21+AW21+AZ21+BC21 | Q21: =L21-S21-R21-P21 | T21: 04.08.2025 | U21: L25G013 | V21: -1200
A22: Inner | D22: FP0014 | E22: L24C014 | F22: Inner filled tube-FAS Chlorex 0.5% Sterile Solution-10.5ml OMAS | G22: December.-2023 | H22: December.-2026 | I22: Trials | J22: 90 | L22: =J22-K22 | M22: No. | N22: =P22+Q22+R22+S22 | O22: =Q22+V22+Y22+AB22+AE22+AH22+AK22+AN22+AQ22+AT22+AW22+AZ22-BC22 | Q22: =L22-S22-R22-P22 | BA22: 07.08.2025 | BB22: Destruction | BC22: 90
A23: Inner | D23: FP0014 | E23: L24C015 | F23: Inner filled tube-FAS Chlorex 0.5% Sterile Solution-10.5ml OMAS | G23: December.-2023 | H23: December.-2026 | I23: Trials | J23: 75 | L23: =J23-K23 | M23: No. | N23: =P23+Q23+R23+S23 | O23: =Q23+V23+Y23+AB23+AE23+AH23+AK23+AN23+AQ23+AT23+AW23+AZ23-BC23 | Q23: =L23-S23-R23-P23 | BA23: 07.08.2026 | BB23: Destruction | BC23: 75
A24: Inner | D24: FP0014 | E24: L24C016 | F24: Inner filled tube-FAS Chlorex 0.5% Sterile Solution-10.5ml OMAS | G24: December.-2023 | H24: December.-2026 | I24: Trials | J24: 88 | L24: =J24-K24 | M24: No. | N24: =P24+Q24+R24+S24 | O24: =Q24+V24+Y24+AB24+AE24+AH24+AK24+AN24+AQ24+AT24+AW24+AZ24-BC24 | Q24: =L24-S24-R24-P24 | BA24: 07.08.2027 | BB24: Destruction | BC24: 88
A25: Inner | D25: FP0012 | E25: L24C002 | F25: Inner filled tubeFAS Chlorex 0.5% Sterile Solution-3ml OMAS | G25: December.-2023 | H25: December.-2026 | I25: Trials | J25: 500 | L25: =J25-K25 | M25: No. | N25: =P25+Q25+R25+S25 | O25: =Q25+V25+Y25+AB25+AE25+AH25+AK25+AN25+AQ25+AT25+AW25+AZ25-BC25 | Q25: =L25-S25-R25-P25 | BA25: 07.08.2028 | BB25: Destruction | BC25: 500
A26: Inner | D26: FP0012 | E26: L24C004 | F26: Inner filled tube-FAS Chlorex 0.5% Sterile Solution-3ml OMAS | G26: December.-2023 | H26: December.-2026 | I26: Trials | J26: 220 | L26: =J26-K26 | M26: No. | N26: =P26+Q26+R26+S26 | O26: =Q26+V26+Y26+AB26+AE26+AH26+AK26+AN26+AQ26+AT26+AW26+AZ26-BC26 | Q26: =L26-S26-R26-P26 | BA26: 07.08.2029 | BB26: Destruction | BC26: 220
A27: Inner | D27: FP0018 | E27: L24C008 | F27: Inner filled tube-FAS Chlorex 0.5% Sterile Solution-6ml | G27: December.-2023 | H27: December.-2026 | I27: Trials | J27: 220 | L27: =J27-K27 | M27: No. | N27: =P27+Q27+R27+S27 | O27: =Q27+V27+Y27+AB27+AE27+AH27+AK27+AN27+AQ27+AT27+AW27+AZ27-BC27 | Q27: =L27-S27-R27-P27 | BA27: 07.08.2030 | BB27: Destruction | BC27: 220
A28: Inner | D28: FP0018 | E28: L24C009 | F28: Inner filled tube-FAS Chlorex 0.5% Sterile Solution-6ml | G28: December.-2023 | H28: December.-2026 | I28: Trials | J28: 180 | L28: =J28-K28 | M28: No. | N28: =P28+Q28+R28+S28 | O28: =Q28+V28+Y28+AB28+AE28+AH28+AK28+AN28+AQ28+AT28+AW28+AZ28-BC28 | Q28: =L28-S28-R28-P28 | BA28: 07.08.2031 | BB28: Destruction | BC28: 180
A29: Inner | D29: FP0018 | E29: L24C010 | F29: Inner filled tube-FAS Chlorex 0.5% Sterile Solution-6ml | G29: December.-2023 | H29: December.-2026 | I29: Trials | J29: 220 | L29: =J29-K29 | M29: No. | N29: =P29+Q29+R29+S29 | O29: =Q29+V29+Y29+AB29+AE29+AH29+AK29+AN29+AQ29+AT29+AW29+AZ29-BC29 | Q29: =L29-S29-R29-P29 | BA29: 07.08.2032 | BB29: Destruction | BC29: 220
A30: Inner | D30: FP0015 | E30: L24C017 | F30: Inner filled tube-FAS Chlorex 1% Sterile Solution-10.5ml | G30: December.-2023 | H30: December.-2026 | I30: Trials | J30: 100 | L30: =J30-K30 | M30: No. | N30: =P30+Q30+R30+S30 | O30: =Q30+V30+Y30+AB30+AE30+AH30+AK30+AN30+AQ30+AT30+AW30+AZ30-BC30 | Q30: =L30-S30-R30-P30 | BA30: 07.08.2033 | BB30: Destruction | BC30: 100
A31: Inner | D31: FP0015 | E31: L24C018 | F31: Inner filled tube-FAS Chlorex 1% Sterile Solution-10.5ml | G31: December.-2023 | H31: December.-2026 | I31: Trials | J31: 85 | L31: =J31-K31 | M31: No. | N31: =P31+Q31+R31+S31 | O31: =Q31+V31+Y31+AB31+AE31+AH31+AK31+AN31+AQ31+AT31+AW31+AZ31-BC31 | Q31: =L31-S31-R31-P31 | BA31: 07.08.2034 | BB31: Destruction | BC31: 85
A32: Inner | D32: FP0015 | E32: L24C019 | F32: Inner filled tube-FAS Chlorex 1% Sterile Solution-10.5ml | G32: December.-2023 | H32: December.-2026 | I32: Trials | J32: 130 | L32: =J32-K32 | M32: No. | N32: =P32+Q32+R32+S32 | O32: =Q32+V32+Y32+AB32+AE32+AH32+AK32+AN32+AQ32+AT32+AW32+AZ32-BC32 | Q32: =L32-S32-R32-P32 | BA32: 07.08.2035 | BB32: Destruction | BC32: 130
A33: Inner | D33: FP0013 | E33: L24C007 | F33: Inner filled tube-FAS Chlorex 1% Sterile Solution-3ml | G33: December.-2023 | H33: December.-2026 | I33: Trials | J33: 1000 | L33: =J33-K33 | M33: No. | N33: =P33+Q33+R33+S33 | O33: =Q33+V33+Y33+AB33+AE33+AH33+AK33+AN33+AQ33+AT33+AW33+AZ33-BC33 | Q33: =L33-S33-R33-P33 | BA33: 07.08.2036 | BB33: Destruction | BC33: 1000
... A39: Inner | D39: FP0026 | E39: L24C040 | F39: Inner filled tube-FAS Chlorex 2% Sterile Solution-6ml | G39: December.-2023 | H39: December.-2026 | I39: Trials | J39: 588 | L39: =J39-K39 | M39: No. | N39: =P39+Q39+R39+S39 | O39: =Q39+V39+Y39+AB39+AE39+AH39+AK39+AN39+AQ39+AT39+AW39+AZ39-BC39 | Q39: =L39-S39-R39-P39 | BA39: 07.08.2042 | BB39: Destruction | BC39: 588
A40: Inner | D40: FP0026 | E40: L24C041 | F40: Inner filled tube-FAS Chlorex 2% Sterile Solution-6ml | G40: December.-2023 | H40: December.-2026 | I40: Trials | J40: 585 | L40: =J40-K40 | M40: No. | N40: =P40+Q40+R40+S40 | O40: =Q40+V40+Y40+AB40+AE40+AH40+AK40+AN40+AQ40+AT40+AW40+AZ40-BC40 | Q40: =L40-S40-R40-P40 | T40: 16.07.2025 | U40: MR250133 | V40: -50 | BA40: 07.08.2043 | BB40: Destruction | BC40: 535
A41: Inner | D41: FP0024 | E41: L24C030 | F41: Inner filled tube-FAS IODO 10% Sterile Solution-10.5ml | G41: January.-2024 | H41: January.-2027 | I41: Trials | J41: 150 | L41: =J41-K41 | M41: No. | N41: =P41+Q41+R41+S41 | O41: =Q41+V41+Y41+AB41+AE41+AH41+AK41+AN41+AQ41+AT41+AW41+AZ41-BC41 | Q41: =L41-S41-R41-P41 | T41: 16.07.2025 | U41: MR250133 | V41: -50 | BA41: 07.08.2044 | BB41: Destruction | BC41: 100
A42: Inner | D42: FP0024 | E42: L24C031 | F42: Inner filled tube-FAS IODO 10% Sterile Solution-10.5ml | G42: January.-2024 | H42: January.-2027 | I42: Trials | J42: 192 | L42: =J42-K42 | M42: No. | N42: =P42+Q42+R42+S42 | O42: =Q42+V42+Y42+AB42+AE42+AH42+AK42+AN42+AQ42+AT42+AW42+AZ42-BC42 | Q42: =L42-S42-R42-P42 | BA42: 07.08.2045 | BB42: Destruction | BC42: 192
A43: Inner | D43: FP0024 | E43: L24C032 | F43: Inner filled tube-FAS IODO 10% Sterile Solution-10.5ml | G43: January.-2024 | H43: January.-2027 | I43: Trials | J43: 174 | L43: =J43-K43 | M43: No. | N43: =P43+Q43+R43+S43 | O43: =Q43+V43+Y43+AB43+AE43+AH43+AK43+AN43+AQ43+AT43+AW43+AZ43-BC43 | Q43: =L43-S43-R43-P43 | BA43: 07.08.2046 | BB43: Destruction | BC43: 174
A44: Inner | D44: FP0025 | E44: L24C027 | F44: Inner filled tube-FAS IODO 10% Sterile Solution-26ml | G44: January.-2024 | H44: January.-2027 | I44: Trials | J44: 105 | L44: =J44-K44 | M44: No. | N44: =P44+Q44+R44+S44 | O44: =Q44+V44+Y44+AB44+AE44+AH44+AK44+AN44+AQ44+AT44+AW44+AZ44-BC44 | Q44: =L44-S44-R44-P44 | T44: 16.07.2025 | U44: MR250133 | V44: -50 | BA44: 07.08.2047 | BB44: Destruction | BC44: 55
A45: Inner | D45: FP0025 | E45: L24C028 | F45: Inner filled tube-FAS IODO 10% Sterile Solution-26ml | G45: January.-2024 | H45: January.-2027 | I45: Trials | J45: 115 | L45: =J45-K45 | M45: No. | N45: =P45+Q45+R45+S45 | O45: =Q45+V45+Y45+AB45+AE45+AH45+AK45+AN45+AQ45+AT45+AW45+AZ45-BC45 | Q45: =L45-S45-R45-P45 | BA45: 07.08.2048 | BB45: Destruction | BC45: 115
A46: Inner | D46: FP0024 | E46: L24C029 | F46: Inner filled tube-FAS IODO 10% Sterile Solution-26ml | G46: January.-2024 | H46: January.-2027 | I46: Trials | J46: 120 | L46: =J46-K46 | M46: No. | N46: =P46+Q46+R46+S46 | O46: =Q46+V46+Y46+AB46+AE46+AH46+AK46+AN46+AQ46+AT46+AW46+AZ46-BC46 | Q46: =L46-S46-R46-P46 | BA46: 07.08.2049 | BB46: Destruction | BC46: 120
A47: Inner | D47: FP0022 | E47: L24C036 | F47: Inner filled tube-FAS IODO 10% Sterile Solution-3ml | G47: January.-2024 | H47: January.-2027 | I47: Trials | J47: 1230 | L47: =J47-K47 | M47: No. | N47: =P47+Q47+R47+S47 | O47: =Q47+V47+Y47+AB47+AE47+AH47+AK47+AN47+AQ47+AT47+AW47+AZ47-BC47 | Q47: =L47-S47-R47-P47 | BA47: 07.08.2050 | BB47: Destruction | BC47: 1230
A48: Inner | D48: FP0022 | E48: L24C037 | F48: Inner filled tube-FAS IODO 10% Sterile Solution-3ml | G48: January.-2024 | H48: January.-2027 | I48: Trials | J48: 1235 | L48: =J48-K48 | M48: No. | N48: =P48+Q48+R48+S48 | O48: =Q48+V48+Y48+AB48+AE48+AH48+AK48+AN48+AQ48+AT48+AW48+AZ48-BC48 | Q48: =L48-S48-R48-P48 | BA48: 07.08.2051 | BB48: Destruction | BC48: 1235
A49: Inner | D49: FP0022 | E49: L24C038 | F49: Inner filled tube-FAS IODO 10% Sterile Solution-3ml | G49: January.-2024 | H49: January.-2027 | I49: Trials | J49: 1230 | L49: =J49-K49 | M49: No. | N49: =P49+Q49+R49+S49 | O49: =Q49+V49+Y49+AB49+AE49+AH49+AK49+AN49+AQ49+AT49+AW49+AZ49-BC49 | Q49: =L49-S49-R49-P49 | BA49: 07.08.2052 | BB49: Destruction | BC49: 1230
A50: Inner | D50: FP0023 | E50: L24C033 | F50: Inner filled tube-FAS IODO 10% Sterile Solution-6ml | G50: January.-2024 | H50: January.-2027 | I50: Trials | J50: 410 | L50: =J50-K50 | M50: No. | N50: =P50+Q50+R50+S50 | O50: =Q50+V50+Y50+AB50+AE50+AH50+AK50+AN50+AQ50+AT50+AW50+AZ50-BC50 | Q50: =L50-S50-R50-P50 | BA50: 07.08.2053 | BB50: Destruction | BC50: 410
A51: Inner | D51: FP0023 | E51: L24C034 | F51: Inner filled tube-FAS IODO 10% Sterile Solution-6ml | G51: January.-2024 | H51: January.-2027 | I51: Trials | J51: 540 | L51: =J51-K51 | M51: No. | N51: =P51+Q51+R51+S51 | O51: =Q51+V51+Y51+AB51+AE51+AH51+AK51+AN51+AQ51+AT51+AW51+AZ51-BC51 | Q51: =L51-S51-R51-P51 | BA51: 07.08.2054 | BB51: Destruction | BC51: 540
A52: Inner | D52: FP0023 | E52: L24C035 | F52: Inner filled tube-FAS IODO 10% Sterile Solution-6ml | G52: January.-2024 | H52: January.-2027 | I52: Trials | J52: 542 | L52: =J52-K52 | M52: No. | N52: =P52+Q52+R52+S52 | O52: =Q52+V52+Y52+AB52+AE52+AH52+AK52+AN52+AQ52+AT52+AW52+AZ52-BC52 | Q52: =L52-S52-R52-P52 | BA52: 07.08.2055 | BB52: Destruction | BC52: 542
A53: Inner | B53: 06.08.2025 | C53: 957 | D53: BP0016 | E53: 25IBP025 | F53: Inner filled tube-FAS Chlorex 2% Sterile Solution-118X23mm | G53: 45839 | H53: 46935 | I53: Disp. | J53: 22640 | L53: 22640 | M53: No. | N53: 22640 | O53: 0 | P53: 0 | Q53: 22640 | T53: 11.08.2025 | U53: L25H005 | V53: -15000 | W53: 14.08.2025 | X53: L25H009 | Y53: -7640
A54: Inner | B54: 45812 | C54: 831 | D54: BP0017 | E54: 25IBP015 | F54: Inner filled tube 81*15mm FAS Chlorex 2% | G54: 45778 | H54: 46874 | I54: Disp. | J54: 99000 | L54: 99000 | M54: No. | N54: 99000 | O54: 0 | P54: 0 | Q54: 99000 | T54: 04.08.2025 | U54: L25H001 | V54: -16500 | W54: 28.07.2025 | X54: L25G013 | Y54: -13500 | Z54: 05.08.2025 | AA54: L25H003 | AB54: -69000
A55: Assambled | B55: 12.06.2025 | C55: 836 | D55: PP0037 | E55: 25IPP011 | F55: Assembled Outer Tube (105*15mm) for OMAS applicator Clear | G55: 45778 | H55: 46357 | I55: Disp. | J55: 64000 | L55: 64000 | M55: No. | N55: 64000 | O55: 0 | P55: 0 | Q55: 64000 | T55: 05.08.2025 | U55: L25H003 | V55: -64000 | AN55: 0
A56: Assambled | D56: PP0054 | E56: 24IPP022 | F56: Assembled Outer Tube For OMAS Applicator 10.5ml Tinted | G56: 45474 | H56: 45992 | I56: Disp. | J56: 6330 | L56: 6330 | M56: No. | N56: 6330 | O56: 0 | Q56: 6330 | T56: 16.07.2025 | U56: MR250133 | V56: -50 | W56: 12.08.2025 | X56: L25H006 | Y56: -2530 | Z56: 17.08.2025 | AA56: L25H011 | AB56: -3750
A57: Inner | B57: 45834 | C57: 863 | D57: BP0017 | E57: 25IBP015 | F57: Inner filled tube 81*15mm FAS Chlorex 2% | G57: 45778 | H57: 46874 | J57: 26330 | L57: 26330 | M57: No. | N57: 26330 | O57: 0 | P57: 0 | Q57: 26330 | T57: 05.08.2025 | U57: L25H003 | V57: -1500 | W57: 06.08.2025 | X57: R-25G0013 | Y57: 388 | Z57: 10.08.2025 | AA57: R-L25H001 | AB57: 758 | AC57: 07.09.2025 | AD57: R-L25H003 | AE57: 1048 | AF57: 08.10.2025 | AG57: L25J003 | AH57: -27024
A58: Inner | B58: 03.07.2025 | C58: 860 | D58: BP0047 | E58: 25IBP016 | F58: FAS CHLOREX 2% Inner tube 1 ml tecnemaco | G58: 45809 | H58: 46905 | J58: 52300 | L58: 52300 | M58: No. | N58: 52300 | O58: 0 | Q58: 52300 | T58: 03.07.2025 | U58: L25G001 | V58: -48300 | W58: 06.07.2025 | X58: MR250126 | Y58: -2000 | Z58: 09.07.2025 | AA58: R-L25F005 | AB58: 1570 | AC58: 24.08.2025 | AD58: R-L25G004 | AE58: 2343 | AF58: 09.10.2025 | AG58: L25J004 | AH58: -5913
A59: Assambled | B59: 19.06.2025 | C59: 847 | D59: PP0037 | E59: 25IPP011 | F59: Assembled Outer Tube (105*15mm) for OMAS applicator Clear | G59: 45778 | H59: 46357 | J59: 36064 | L59: 36064 | M59: No. | N59: 36064 | O59: 0 | P59: 0 | Q59: 36064 | T59: 02.06.2025 | U59: MR250110 | V59: -50 | W59: 22.07.2025 | X59: L25G008 | Y59: -1200 | Z59: 29.07.2025 | AA59: R-L25F008 | AB59: 463 | AC59: 04.08.2025 | AD59: L25H001 | AE59: -16000 | AF59: 05.08.2025 | AG59: L25H003 | AH59: -6000 | AI59: 10.08.2025 | AJ59: R-L25H001 | AK59: 370 | AL59: 14.08.2025 | AM59: L25H007 | AN59: -4400 | AO59: 18.08.2025 | AP59: R-L25H007 | AQ59: 400 | AR59: 07.09.2025 | AS59: R-L25H003 | AT59: 155 | AU59: 08.10.2025 | AV59: L25J003 | AW59: -9802
A60: Assambled | B60: 24.07.2025 | C60: 918 | D60: PP0037 | E60: 25IPP013 | F60: Assembled Outer Tube (105*15mm) for OMAS applicator Clear | G60: 45809 | H60: 46419 | J60: 112 | L60: 112 | M60: No. | N60: 112 | O60: 0 | P60: 0 | Q60: 112 | T60: 04.08.2025 | U60: MR250147 | V60: -20 | W60: 01.09.2025 | X60: MR250160 | Y60: -30 | Z60: 14.09.2025 | AA60: MR250170 | AB60: -50 | AC60: 08.10.2025 | AD60: L25J003 | AE60: -12 | AH60: 0 | AK60: 0
A61: Assambled | D61: PP0037 | E61: 25IPP008 | F61: Assembled Outer Tube (105*15mm) for OMAS applicator Clear | G61: 45748 | H61: 46357 | J61: 28961 | K61: 0 | L61: 28961 | M61: No. | N61: 28961 | O61: 0 | P61: 0 | Q61: 28961 | T61: 02.06.2025 | U61: MR250110 | V61: -50 | W61: 22.06.2025 | X61: L25F002 | Y61: 49 | Z61: 30.06.2025 | AA61: L25F009 | AB61: -6800 | AC61: 30.06.2025 | AD61: L25F008 | AE61: -6773 | AG61: R | AH61: 100 | AJ61: R | AK61: 113 | AL61: 07.07.2025 | AM61: R-L25F008 | AN61: 341 | AO61: 07.07.2025 | AP61: R-L25F009 | AQ61: 226 | AR61: 10.07.2025 | AS61: L25G004 | AT61: -6607 | AU61: 22.07.2025 08.10.2025 | AV61: L25G008 L25J003 | AW61: -9803 | AY61: R | AZ61: 40 | BA61: 10.08.2025 | BB61: R-L25G004 | BC61: 203
A62: Inner | B62: 29.09.2025 | C62: 1027 | D62: BP0014 | E62: 25IBP031 | F62: Inner filled tube 100*18mm FAS Chlorex 2% | G62: 45901 | H62: 46997 | J62: 24750 | L62: 24750 | M62: No. | N62: 24750 | O62: 0 | Q62: 24750 | T62: 30.09.2025 | U62: L25I013 | V62: -19000 | W62: 13.10.2025 | X62: L25J006 | Y62: -5750
A63: Assambled | B63: 06.07.2025 | C63: 881 | D63: PP0037 | E63: 25IPP013 | F63: Assembled Outer Tube (105*15mm) for OMAS applicator Clear | G63: 45809 | H63: 46419 | J63: 23600 | L63: 23600 | M63: No. | N63: 23600 | O63: 0 | P63: 0 | Q63: 23600 | T63: 08.10.2025 | U63: L25J003 | V63: -17188 | W63: 15.10.2025 | X63: R-L25J003 | Y63: 250 | Z63: 21.10.2025 | AA63: L25J010 | AB63: -6650 | AC63: 21.10.2025 | AD63: L25J009 | AE63: -12 | AH63: 0 | AK63: 0
A64: Assambled | B64: 04.08.2025 | C64: 952 | D64: PP0053 | E64: 25IPP015 | F64: Assembled Outer Tube (105*15mm) for OMAS applicator Tinted | G64: 45839 | H64: 46446 | J64: 3553 | L64: 3553 | M64: No. | N64: 3553 | O64: 0 | Q64: 3553 | T64: 23.10.2025 | U64: L25J011 | V64: -3553
A65: Assambled | B65: 08.09.2025 | C65: 1020 | D65: PP0053 | E65: 25IPP020 | F65: Assembled Outer Tube (105*15mm) for OMAS applicator Tinted | G65: 45901 | H65: 46446 | J65: 19927 | L65: 19927 | M65: No. | N65: 19927 | O65: 0 | Q65: 19927 | T65: 23.10.2025 | U65: L25J011 | V65: -19927
A66: Assambled | B66: 17.08.2025 | C66: 973 | D66: PP0054 | E66: 25IPP017 | F66: Assembled Outer Tube 128*18mm Tinted | G66: 45870 | H66: 46388 | J66: 29707 | L66: 29707 | M66: No. | N66: 29707 | O66: 0 | Q66: 29707 | T66: 17.08.2025 | U66: L25H011 | V66: -22770 | W66: 28.08.2025 | X66: R-L25H011 | Y66: 27 | Z66: 13.10.2025 | AA66: L25J006 | AB66: -5750 | AC66: 13.10.2025 | AD66: L25J007 | AE66: -1214
A67: Assambled | B67: 01.09.2025 | C67: 1012 | D67: PP0054 | E67: 25IPP019 | F67: Assembled Outer Tube 128*18mm Tinted | G67: 45870 | H67: 46388 | J67: 24606 | L67: 24606 | M67: No. | N67: 24606 | O67: 0 | Q67: 24606 | T67: 13.10.2025 | U67: L25J007 | V67: -24606
A68: Inner | B68: 14.10.2025 | C68: 1104 | D68: BP0047 | E68: 25IBP032 | F68: Inner filled tube FAS chlorex 2% 1ml technomaco | G68: 45931 | H68: 47027 | J68: 30000 | L68: 30000 | M68: No. | N68: 30000 | O68: 0 | Q68: 30000 | T68: 14.10.2025 | U68: L25J005 | V68: -30000
A69: Assambled | B69: 14.10.2025 | C69: 1102 | D69: PP0038 | E69: 25IPP027 | F69: Assembled Outer Tube 128*18mm clear | G69: 45931 | H69: 46388 | J69: 25000 | L69: 25000 | M69: No. | N69: 25000 | O69: 0 | Q69: 25000 | T69: 19.10.2025 | U69: L25J008 | V69: -25000
A70: Inner | B70: 15.10.2025 | C70: 1105 | D70: BP0014 | E70: 25IBP033 | F70: Inner filled tube FAS chlorex 2% 100*18mm Omas | G70: 45931 | H70: 47027 | J70: 24000 | L70: 24000 | M70: No. | N70: 24000 | O70: 0 | Q70: 24000 | T70: 15.10.2025 | U70: L25J007 | V70: -24000
A71: Inner | B71: 15.10.2025 | C71: 1106 | D71: BP0014 | E71: 25IBP033 | F71: Inner filled tube FAS chlorex 2% 100*18mm Omas | G71: 45931 | H71: 47027 | J71: 1820 | L71: 1820 | M71: No. | N71: 1820 | O71: 0 | Q71: 1820 | T71: 15.10.2025 | U71: L25J007 | V71: -1820
A72: Inner | B72: 19.10.2025 | C72: 1113 | D72: BP0014 | E72: 25IBP033 | F72: Inner filled tube FAS chlorex 2% 100*18mm Omas | G72: 45931 | H72: 47027 | J72: 11900 | L72: 11900 | M72: No. | N72: 11900 | O72: 0 | Q72: 11900 | T72: 19.10.2025 | U72: L25J008 | V72: -11900
A73: Inner | B73: 21.10.2025 | C73: 1118 | D73: BP0014 | E73: 25IBP034 | F73: Inner filled tube FAS chlorex 2% 100*18mm Omas | G73: 45931 | H73: 47027 | J73: 13000 | L73: 13000 | M73: No. | N73: 13000 | O73: 0 | Q73: 13000 | T73: 21.10.2025 | U73: L25J008 | V73: -13000
A74: Inner | B74: 22.10.2025 | C74: 1122 | D74: BP0021 | E74: 25IBP036 | F74: FAS CHLOREX 0.5% Inner filled tube 81*18mm 3ML | G74: 45931 | H74: 47027 | J74: 3000 | L74: 3000 | M74: No. | N74: 3000 | O74: 0 | Q74: 3000 | T74: 22.10.2025 | U74: L25J009 | V74: -3000
A75: Inner | B75: 23.10.2025 | C75: 1123 | D75: BP0021 | E75: 25IBP036 | F75: FAS CHLOREX 0.5% Inner filled tube 81* 13mm 3ML | G75: 45931 | H75: 47027 | J75: 1200 | L75: 1200 | M75: No. | N75: 1200 | O75: 0 | Q75: 1200 | T75: 23.10.2025 | U75: L25J009 | V75: -1200
A76: Assambled | B76: 23.10.2025 | C76: 1126 | D76: PP0038 | E76: 25IPP029 | F76: Assembled Outer Tube 128*18mm clear | G76: 45931 | H76: 46388 | J76: 260 | L76: 260 | M76: No. | N76: 260 | O76: 0 | Q76: 260 | T76: 26.10.2025 | U76: MR250208 | V76: -260
A77: Inner | B77: 23.10.2025 | C77: 1128 | D77: BP0049 | E77: 25IBP037 | F77: FAS CHLOREX 1% INNER FILLED TUBE 81*15MM 6ML OMAS | G77: 45931 | H77: 47027 | J77: 4500 | L77: 4500 | M77: No. | N77: 4500 | O77: 0 | Q77: 4500 | T77: 23.10.2025 | U77: L25J010 | V77: -4500 | Y77: 0
A78: Inner | B78: 26.10.2025 | C78: 1131 | D78: BP0049 | E78: 25IBP037 | F78: FAS CHLOREX 1% INNER FILLED TUBE 81*15MM 6ML OMAS | G78: 45931 | H78: 47027 | J78: 2100 | L78: 2100 | M78: No. | N78: 2100 | O78: 0 | Q78: 2100 | T78: 23.10.2025 | U78: L25J010 | V78: -2100
A79: Inner | B79: 26.10.2025 | C79: 1135 | D79: BP0054 | E79: 25IBP035 | F79: FAS CHLOREX 2% INNER FILLED TUBE 77*11MM 3ML TECHNOMACO | G79: 45931 | H79: 47027 | J79: 34500 | L79: 34500 | M79: No. | N79: 34500 | O79: 0 | Q79: 34500 | T79: 02.11.2025 | U79: L25K002 | V79: -34500
A80: Inner | B80: 28.10.2025 | C80: 1139 | D80: BP0017 | E80: 25IBP038 | F80: Inner filled tube 81*15mm FAS Chlorex 2% OMAS | G80: 45931 | H80: 47027 | J80: 15000 | L80: 15000 | M80: No. | N80: 15000 | O80: 0 | Q80: 15000 | T80: 28.10.2025 | U80: L25J011 | V80: -15000 | Y80: 0
A81: Inner | B81: 29.10.2025 | C81: 1144 | D81: BP0017 | E81: 25IBP038 | F81: Inner filled tube 81*15mm FAS Chlorex 2% OMAS | G81: 45931 | H81: 47027 | J81: 9000 | L81: 9000 | M81: No. | N81: 9000 | O81: 0 | Q81: 9000 | T81: 29.10.2025 | U81: L25J011 | V81: -9000
A82: Inner | B82: 30.10.2025 | C82: 1146 | D82: BP0017 | E82: 25IBP038 | F82: Inner filled tube 81*15mm FAS Chlorex 2% OMAS | G82: 45931 | H82: 47027 | J82: 7500 | L82: 7500 | M82: No. | N82: 7500 | O82: 0 | Q82: 7500 | T82: 29.10.2025 | U82: L25J011 | V82: -7500
A83: Inner | B83: 02.11.2025 | C83: 1148 | D83: BP0017 | E83: 25IBP038 | F83: Inner filled tube 81*15mm FAS Chlorex 2% OMAS | G83: 45931 | H83: 47027 | J83: 9000 | L83: 9000 | M83: No. | N83: 9000 | O83: 0 | Q83: 9000 | T83: 02.11.2025 | U83: L25J011 | V83: -9000
A84: Inner | B84: 03.11.2025 | C84: 1151 | D84: BP0017 | E84: 25IBP038 | F84: Inner filled tube 81*15mm FAS Chlorex 2% OMAS | G84: 45931 | H84: 47027 | J84: 7500 | L84: 7500 | M84: No. | N84: 7500 | O84: 0 | Q84: 7500 | T84: 03.11.2025 | U84: L25J011 | V84: -7500
A85: Inner | B85: 04.11.2025 | C85: 1160 | D85: BP0017 | E85: 25IBP038 | F85: Inner filled tube 81*15mm FAS Chlorex 2% OMAS | G85: 45931 | H85: 47027 | J85: 3000 | L85: 3000 | M85: No. | N85: 3000 | O85: 0 | Q85: 3000 | T85: 04.11.2025 | U85: L25J011 | V85: -3000
A86: Inner | B86: 04.11.2025 | C86: 1154 | D86: BP0017 | E86: 25IBP038 | F86: Inner filled tube 81*15mm FAS Chlorex 2% OMAS | G86: 45931 | H86: 47027 | J86: 6000 | L86: 6000 | M86: No. | N86: 6000 | O86: 0 | Q86: 6000 | T86: 04.11.2025 | U86: L25J011 | V86: -6000
A87: Inner | B87: 05.11.2025 | C87: 1162 | D87: BP0017 | E87: 25IBP038 | F87: Inner filled tube 81*15mm FAS Chlorex 2% OMAS | G87: 45931 | H87: 47027 | J87: 4500 | L87: 4500 | M87: No. | N87: 4500 | O87: 0 | Q87: 4500 | T87: 05.11.2025 | U87: L25J011 | V87: -4500
A88: Inner | B88: 05.11.2025 | C88: 1163 | D88: BP0017 | E88: 25IBP038 | F88: Inner filled tube 81*15mm FAS Chlorex 2% OMAS | G88: 45931 | H88: 47027 | J88: 3000 | L88: 3000 | M88: No. | N88: 3000 | O88: 0 | Q88: 3000 | T88: 05.11.2025 | U88: L25J011 | V88: -3000
A89: Inner | B89: 05.11.2025 | C89: 1162 | D89: BP0017 | E89: 25IBP038 | F89: Inner filled tube 81*15mm FAS Chlorex 2% OMAS | G89: 45931 | H89: 47027 | J89: 2500 | L89: 2500 | M89: No. | N89: 2500 | O89: 0 | Q89: 2500 | T89: 05.11.2025 | U89: L25J011 | V89: -2500
A90: Assambled | B90: 21.10.2025 | C90: 1119 | D90: PP0053 | E90: 25IPP028 | F90: Assembled Outer Tube (105*15mm) for OMAS applicator Tinted | G90: 45931 | H90: 46419 | J90: 49600 | L90: 49600 | M90: No. | N90: 49600 | O90: 0 | Q90: 49600 | T90: 21.10.2025 | U90: L25J008 | V90: -32800 | W90: 06.11.2025 | X90: MR20223 | Y90: -800 | Z90: 08.11.2025 | AA90: R-L25J011 | AB90: 215 | AC90: 11.11.2025 | AD90: 13 | AE90: -10 | AF90: 11.11.2025 | AG90: 18 | AH90: -10 | AJ90: L25J008 | AK90: -10000 | AL90: 25.11.2025 | AM90: L25K010 | AN90: -6195
A91: Inner | B91: 15.11.2025 | C91: 1214 | D91: BP0054 | E91: 25IBP035 | F91: FAS CHLOREX 2% INNER FILLED TUBE 77*11MM 3ML TECHNOMACO | G91: 45931 | H91: 47027 | J91: 37400 | L91: 37400 | M91: No. | N91: 37400 | O91: 0 | Q91: 37400 | T91: 15.11.2025 | U91: L25K005 | V91: -37400
A92: Inner | B92: 16.11.2025 | C92: 1217 | D92: BP0048 | E92: 25IBP039 | F92: Inner filled tube-FAS Chlorex 2% 81*15mm 6 ML | G92: 45962 | H92: 47058 | J92: 18000 | L92: 18000 | M92: No. | N92: 18000 | O92: 0 | Q92: 18000 | T92: 16.11.2025 | U92: L25K001 | V92: -18000
A93: Inner | B93: 17.11.2025 | C93: 1219 | D93: BP0054 | E93: 25IBP040 | F93: FAS CHLOREX 2% INNER FILLED TUBE 77*11MM 3ML TECHNOMACO | G93: 45962 | H93: 47058 | J93: 9930 | L93: 9930 | M93: No. | N93: 9930 | O93: 0 | Q93: 9930 | T93: 25.11.2025 | U93: L25K011 | V93: -9930
A94: Inner | B94: 19.11.2025 | C94: 1225 | D94: BP0048 | E94: 25IBP039 | F94: Inner filled tube-FAS Chlorex 2% 81*15mm 6 ML | G94: 45962 | H94: 47058 | J94: 16850 | L94: 16850 | M94: No. | N94: 16850 | O94: 0 | Q94: 16850 | T94: 19.11.2025 | U94: L25K001 | V94: -16850
A95: Assambled | B95: 25.11.2025 | C95: 1244 | D95: PP0053 | E95: 25IPP032 | F95: Assembled outer tube 105*15mm for OMAS - Tinted | G95: 45962 | H95: 46447 | J95: 25600 | L95: 25600 | M95: No. | N95: 25600 | O95: 0 | Q95: 25600 | T95: 25.11.2025 | U95: L25K010 | V95: -25600
A96: Assambled | B96: 27.11.2025 | C96: 1253 | D96: PP0053 | E96: 25IPP032 | F96: Assembled outer tube 105*15mm for OMAS - Tinted | G96: 45962 | H96: 46447 | J96: 14595 | L96: 14595 | M96: No. | N96: 14595 | O96: 0 | Q96: 14595 | T96: 27.11.2025 | U96: L25K010 | V96: -14595
A97: Inner | B97: 30.11.2025 | C97: 1261 | D97: BP0017 | E97: 25IBP041 | F97: Inner filled tube 81*15mm FAS Chlorex 2% | G97: 45962 | H97: 47058 | J97: 55000 | L97: 55000 | M97: No. | N97: 55000 | O97: 0 | Q97: 55000 | T97: 30.11.2025 | U97: L25K010 | V97: -55000
A98: Inner | B98: 13.08.2025 | C98: 969 | D98: BP0048 | E98: 25IBP027 | F98: Inner filled tube-FAS Chlorex 2% 81*15mm 6 ML | G98: 45870 | H98: 46966 | J98: 9980 | L98: 9980 | M98: No. | N98: 9980 | O98: 0 | Q98: 9980 | T98: 14.08.2025 | U98: L25H007 | V98: -4500 | W98: 18.08.2025 | X98: R-L25H007 | Y98: 504 | Z98: 11.11.2025 | AA98: 17 | AB98: -10 | AC98: 11.11.2025 | AD98: 18 | AE98: -10 | AF98: 28.12.2025 | AG98: L25L007 | AH98: -5964
A99: Assambled | B99: 02.07.2025 | C99: 877 | D99: PP0037 | E99: 25IPP013 | F99: Assembled Outer Tube (105*15mm) for OMAS applicator Clear | G99: 45809 | H99: 46419 | J99: 51200 | L99: 51200 | M99: No. | N99: 51200 | O99: 0 | P99: 0 | Q99: 51200 | T99: 21.10.2025 | U99: L25J009 | V99: -3988 | W99: 26.10.2025 | X99: MR250207 | Y99: -400 | Z99: 23.10.2025 | AA99: R-L25J009 | AB99: 140 | AC99: 05.11.2025 | AD99: L25K004 | AE99: -2000 | AF99: 11.11.2025 | AG99: L25K001 | AH99: -33200 | AI99: 11.11.2025 | AJ99: 17 | AK99: -10 | AL99: 11.11.2025 | AM99: 14 | AN99: -90 | AO99: 15.11.2025 | AP99: R-L25K004 | AQ99: 433 | AR99: 20.11.2025 | AS99: MR250232 | AT99: -1683 | AU99: 23.11.2025 24.12.2025 | AV99: MR250237 L25L004 | AW99: -2400 | AX99: 25.11.2025 | AY99: R-L25K001 | AZ99: 271 | BA99: 26.11.2025 2-28.12.2025 | BB99: 45 L25L005 L25L007 | BC99: -8273
A100: Assambled | B100: 27.11.2025 | C100: 1260 | D100: PP0053 | E100: 25IPP032 | F100: Assembled outer tube 105*15mm for OMAS - Tinted | G100: 45962 | H100: 46447 | J100: 10948 | L100: 10948 | M100: No. | N100: 10948 | O100: 0 | Q100: 10948 | T100: 27.11.2025 | U100: L25K010 | V100: -8800 | W100: 07.12.2025 | X100: L25L001 | Y100: -2148 | Z100: 08.12.2025 | AA100: R-L25K010 | AB100: 600 | AC100: 17.12.2025 | AD100: L25L003 | AE100: -600
A101: Assambled | B101: 08.12.2025 | C101: 1288 | D101: PP0053 | E101: 25IPP033 | F101: Assembled outer tube 105*15mm for OMAS - Tinted | G101: 45992 | H101: 46447 | J101: 6800 | L101: 6800 | M101: No. | N101: 6800 | O101: 0 | Q101: 6800 | T101: 08.12.2025 | U101: L25L001 | V101: -6800
A102: Assambled | B102: 09.12.2025 | C102: 1292 | D102: PP0053 | E102: 25IPP033 | F102: Assembled outer tube 105*15mm for OMAS - Tinted | G102: 45992 | H102: 46447 | J102: 8000 | L102: 8000 | M102: No. | N102: 8000 | O102: 0 | Q102: 8000 | T102: 09.12.2025 | U102: L25L001 | V102: -8000
A103: Inner | B103: 09.12.2025 | C103: 1291 | D103: BP0017 | E103: 25IBP042 | F103: Inner filled tube 81*15mm FAS Chlorex 2% | G103: 45992 | H103: 47088 | J103: 48000 | L103: 48000 | M103: No. | N103: 48000 | O103: 0 | Q103: 48000 | T103: 09.12.2025 | U103: L25L001 | V103: -48000
A104: Assambled | B104: 10.12.2025 | C104: 1296 | D104: PP0053 | E104: 25IPP033 | F104: Assembled outer tube 105*15mm for OMAS - Tinted | G104: 45992 | H104: 46447 | J104: 11200 | L104: 11200 | M104: No. | N104: 11200 | O104: 0 | Q104: 11200 | T104: 10.12.2025 | U104: L25L001 | V104: -11200
A105: Assambled | B105: 10.12.2025 | C105: 1300 | D105: PP0053 | E105: 25IPP033 | F105: Assembled outer tube 105*15mm for OMAS - Tinted | G105: 45992 | H105: 46447 | J105: 12800 | L105: 12800 | M105: No. | N105: 12800 | O105: 0 | Q105: 12800 | T105: 10.12.2025 | U105: L25L001 | V105: -12800
...
